"TOA5","JLH-1K-2","CR1000","24121","CR1000.Std.32.07","CPU:One Thermo-TDR Probe Calibration Andreas All TCs.CR1","61233","ProbeID_D6_Cal"
"TIMESTAMP","RECORD","PTemp","Counter","T1","T2","T3","Htr_mV"
"TS","RN","","","deg C","","deg C","mV"
"","","Smp","Smp","Smp","Smp","Smp","Smp"
"2025-03-18 10:00:00",0,18.58,0,18.74169,-7.887865E+10,-9.687974E+07,0
"2025-03-18 10:00:01",1,18.58,1,18.74169,-6.207766E+10,-1.379253E+08,0
"2025-03-18 10:00:02",2,18.58,2,18.7473,-4.821663E+10,-1.736103E+08,0
"2025-03-18 10:00:03",3,18.58,3,18.74169,-3.841719E+10,-2.239459E+08,0
"2025-03-18 10:00:04",4,18.58,4,18.7473,-3.084098E+10,-2.677227E+08,0
"2025-03-18 10:00:05",5,18.58,5,18.74169,-1.659892E+10,-1.114722E+10,0
"2025-03-18 10:00:06",6,18.58,6,18.74169,-9.380913E+09,18.69678,0
"2025-03-18 10:00:07",7,18.58,7,18.74169,-2.330309E+09,18.46099,0
"2025-03-18 10:00:08",8,18.58,8,18.74169,-2.658343E+10,18.41046,301.8
"2025-03-18 10:00:09",9,18.58,9,18.74169,-6.686869E+10,18.70801,301.8
"2025-03-18 10:00:10",10,18.58,10,18.74169,-3.947402E+11,18.7024,301.1
"2025-03-18 10:00:11",11,18.58,11,18.74169,-1.390397E+12,18.65188,300.4
"2025-03-18 10:00:12",12,18.58,12,18.74169,-2.145936E+12,18.67995,300.4
"2025-03-18 10:00:13",13,18.58,13,18.74169,-2.676673E+12,28.16039,300.4
"2025-03-18 10:00:14",14,18.58,14,18.73046,-2.689071E+12,18.51714,300.4
"2025-03-18 10:00:15",15,18.58,15,18.73608,-2.781309E+12,-43.90186,300.4
"2025-03-18 10:00:16",16,18.58,16,18.73046,-2.966192E+12,18.67995,299.1
"2025-03-18 10:00:17",17,18.58,17,18.73608,-3.402797E+12,18.59574,299.1
"2025-03-18 10:00:18",18,18.58,18,18.73046,-1.362737E+11,18.62381,299.1
"2025-03-18 10:00:19",19,18.58,19,18.73608,-24818.95,18.63504,299.1
"2025-03-18 10:00:20",20,18.58,20,18.74169,-2192099,18.64627,299.1
"2025-03-18 10:00:21",21,18.58,21,18.74169,-1.334912E+08,18.65188,299.1
"2025-03-18 10:00:22",22,18.58,22,18.74169,-2.307534E+09,18.66311,298.4
"2025-03-18 10:00:23",23,18.58,23,18.75291,1817.773,18.67433,0
"2025-03-18 10:00:24",24,18.58,24,18.75853,54.67022,18.68556,0
"2025-03-18 10:00:25",25,18.58,25,18.76414,51.77193,18.7024,0
"2025-03-18 10:00:26",26,18.58,26,18.77536,49.39313,18.71924,0
"2025-03-18 10:00:27",27,18.58,27,18.79781,47.3938,18.73608,0
"2025-03-18 10:00:28",28,18.58,28,18.80904,45.63157,18.76414,0
"2025-03-18 10:00:29",29,18.58,29,18.83149,44.09198,18.7922,0
"2025-03-18 10:00:30",30,18.58,30,18.84832,42.71214,18.82026,0
"2025-03-18 10:00:31",31,18.58,31,18.87638,41.47063,18.84832,0
"2025-03-18 10:00:32",32,18.58,32,18.91005,40.35188,18.8876,0
"2025-03-18 10:00:33",33,18.58,33,18.93249,39.32384,18.92127,0
"2025-03-18 10:00:34",34,18.58,34,18.96055,38.38692,18.95494,0
"2025-03-18 10:00:35",35,18.58,35,18.99421,37.52512,18.99421,0
"2025-03-18 10:00:36",36,18.58,36,19.03349,36.72781,19.03349,0
"2025-03-18 10:00:37",37,18.58,37,19.07276,35.9952,19.07837,0
"2025-03-18 10:00:38",38,18.58,38,19.10642,35.31656,19.11764,0
"2025-03-18 10:00:39",39,18.58,39,19.14568,34.68109,19.16251,0
"2025-03-18 10:00:40",40,18.61,40,19.20978,34.11319,19.23222,0
"2025-03-18 10:00:41",41,18.58,41,19.22421,33.54012,19.25225,0
"2025-03-18 10:00:42",42,18.58,42,19.26347,33.02385,19.29151,0
"2025-03-18 10:00:43",43,18.58,43,19.30272,32.54019,19.33076,0
"2025-03-18 10:00:44",44,18.61,44,19.36681,32.10804,19.40045,0
"2025-03-18 10:00:45",45,18.61,45,19.40045,31.67877,19.4397,0
"2025-03-18 10:00:46",46,18.61,46,19.44531,31.27125,19.47895,0
"2025-03-18 10:00:47",47,18.61,47,19.46774,30.88555,19.51259,0
"2025-03-18 10:00:48",48,18.61,48,19.51259,30.52168,19.55183,0
"2025-03-18 10:00:49",49,18.61,49,19.54622,30.17968,19.59107,0
"2025-03-18 10:00:50",50,18.61,50,19.57986,29.85406,19.6191,0
"2025-03-18 10:00:51",51,18.61,51,19.61349,29.55039,19.65273,0
"2025-03-18 10:00:52",52,18.61,52,19.64152,29.24105,19.68636,0
"2025-03-18 10:00:53",53,18.61,53,19.67515,28.96473,19.71438,0
"2025-03-18 10:00:54",54,18.61,54,19.69757,28.69935,19.74801,0
"2025-03-18 10:00:55",55,18.61,55,19.72559,28.44494,19.77042,0
"2025-03-18 10:00:56",56,18.61,56,19.75361,28.2015,19.80405,0
"2025-03-18 10:00:57",57,18.61,57,19.77603,27.96904,19.82646,0
"2025-03-18 10:00:58",58,18.61,58,19.80405,27.74204,19.84888,0
"2025-03-18 10:00:59",59,18.61,59,19.82646,27.53158,19.8825,0
"2025-03-18 10:01:00",60,18.61,60,19.84888,27.32659,19.90491,0
"2025-03-18 10:01:01",61,18.61,61,19.87129,27.12708,19.92172,0
"2025-03-18 10:01:02",62,18.61,62,19.8881,26.9386,19.93852,0
"2025-03-18 10:01:03",63,18.61,63,19.90491,26.76117,19.96094,0
"2025-03-18 10:01:04",64,18.61,64,19.92732,26.58368,19.98334,0
"2025-03-18 10:01:05",65,18.61,65,19.94413,26.41725,19.99455,0
"2025-03-18 10:01:06",66,18.61,66,19.96094,26.25632,20.01696,0
"2025-03-18 10:01:07",67,18.61,67,19.97214,26.1009,20.02816,0
"2025-03-18 10:01:08",68,18.61,68,19.99455,25.951,20.03937,0
"2025-03-18 10:01:09",69,18.61,69,20.01135,25.80663,20.05617,0
"2025-03-18 10:01:10",70,18.61,70,20.01696,25.67333,20.07298,0
"2025-03-18 10:01:11",71,18.61,71,20.02816,25.54,20.07858,0
"2025-03-18 10:01:12",72,18.61,72,20.03937,25.40109,20.08978,0
"2025-03-18 10:01:13",73,18.61,73,20.05057,25.27882,20.10098,0
"2025-03-18 10:01:14",74,18.61,74,20.06177,25.15654,20.10658,0
"2025-03-18 10:01:15",75,18.61,75,20.06738,25.03979,20.11779,0
"2025-03-18 10:01:16",76,18.61,76,20.07858,24.92858,20.12899,0
"2025-03-18 10:01:17",77,18.61,77,20.08418,24.81735,20.14019,0
"2025-03-18 10:01:18",78,18.61,78,20.09538,24.70611,20.14019,0
"2025-03-18 10:01:19",79,18.61,79,20.10098,24.60597,20.15139,0
"2025-03-18 10:01:20",80,18.61,80,20.10658,24.50582,20.15699,0
"2025-03-18 10:01:21",81,18.61,81,20.11218,24.41121,20.1626,0
"2025-03-18 10:01:22",82,18.61,82,20.11779,24.3166,20.1626,0
"2025-03-18 10:01:23",83,18.61,83,20.12899,24.22197,20.1738,0
"2025-03-18 10:01:24",84,18.61,84,20.12899,24.13846,20.1738,0
"2025-03-18 10:01:25",85,18.61,85,20.13459,24.04938,20.185,0
"2025-03-18 10:01:26",86,18.61,86,20.13459,23.96585,20.185,0
"2025-03-18 10:01:27",87,18.61,87,20.14019,23.88231,20.185,0
"2025-03-18 10:01:28",88,18.61,88,20.14579,23.80433,20.185,0
"2025-03-18 10:01:29",89,18.61,89,20.15139,23.72634,20.185,0
"2025-03-18 10:01:30",90,18.61,90,20.14019,23.65392,20.1906,0
"2025-03-18 10:01:31",91,18.61,91,20.15139,23.58148,20.1962,0
"2025-03-18 10:01:32",92,18.61,92,20.15139,23.51461,20.1962,0
"2025-03-18 10:01:33",93,18.61,93,20.15139,23.44217,20.1962,0
"2025-03-18 10:01:34",94,18.61,94,20.15139,23.36971,20.1962,0
"2025-03-18 10:01:35",95,18.61,95,20.15139,23.3084,20.1962,0
"2025-03-18 10:01:36",96,18.61,96,20.15139,23.24707,20.1962,0
"2025-03-18 10:01:37",97,18.61,97,20.15138,23.18014,20.19619,0
"2025-03-18 10:01:38",98,18.61,98,20.15138,23.11881,20.19619,0
"2025-03-18 10:01:39",99,18.61,99,20.15138,23.06305,20.19059,0
"2025-03-18 10:01:40",100,18.61,100,20.15138,23.0017,20.19059,0
"2025-03-18 10:01:41",101,18.61,101,20.15138,22.94036,20.19059,0
"2025-03-18 10:01:42",102,18.61,102,20.15138,22.89015,20.19059,0
"2025-03-18 10:01:43",103,18.61,103,20.15138,22.83437,20.18499,0
"2025-03-18 10:01:44",104,18.61,104,20.14578,22.78417,20.18499,0
"2025-03-18 10:01:45",105,18.61,105,20.14578,22.72838,20.18499,0
"2025-03-18 10:01:46",106,18.61,106,20.14018,22.68374,20.18499,0
"2025-03-18 10:01:47",107,18.61,107,20.14018,22.62794,20.17379,0
"2025-03-18 10:01:48",108,18.61,108,20.14018,22.5833,20.17379,0
"2025-03-18 10:01:49",109,18.61,109,20.14018,22.53866,20.17379,0
"2025-03-18 10:01:50",110,18.61,110,20.14018,22.49401,20.17379,0
"2025-03-18 10:01:51",111,18.61,111,20.13458,22.44936,20.16819,0
"2025-03-18 10:01:52",112,18.61,112,20.12898,22.4047,20.16819,0
"2025-03-18 10:01:53",113,18.61,113,20.12898,22.36005,20.16258,0
"2025-03-18 10:01:54",114,18.61,114,20.12898,22.31539,20.16258,0
"2025-03-18 10:01:55",115,18.61,115,20.12338,22.27631,20.15138,0
"2025-03-18 10:01:56",116,18.61,116,20.11778,22.23722,20.15138,0
"2025-03-18 10:01:57",117,18.61,117,20.11778,22.19256,20.15138,0
"2025-03-18 10:01:58",118,18.61,118,20.11778,22.15905,20.14018,0
"2025-03-18 10:01:59",119,18.61,119,20.10658,22.11996,20.14018,0
"2025-03-18 10:02:00",120,18.61,120,20.10658,22.08087,20.14018,0
"2025-03-18 10:02:01",121,18.61,121,20.10658,22.04737,20.14018,0
"2025-03-18 10:02:02",122,18.61,122,20.10658,22.01385,20.12898,0
"2025-03-18 10:02:03",123,18.61,123,20.10097,21.97476,20.12898,0
"2025-03-18 10:02:04",124,18.61,124,20.09537,21.94124,20.12898,0
"2025-03-18 10:02:05",125,18.61,125,20.09537,21.90214,20.11778,0
"2025-03-18 10:02:06",126,18.61,126,20.08977,21.87421,20.11778,0
"2025-03-18 10:02:07",127,18.61,127,20.08417,21.84069,20.11218,0
"2025-03-18 10:02:08",128,18.61,128,20.08417,21.80717,20.10658,0
"2025-03-18 10:02:09",129,18.61,129,20.07297,21.77924,20.10658,0
"2025-03-18 10:02:10",130,18.61,130,20.07297,21.7513,20.10658,0
"2025-03-18 10:02:11",131,18.61,131,20.06737,21.71777,20.09537,0
"2025-03-18 10:02:12",132,18.61,132,20.06737,21.68424,20.09537,0
"2025-03-18 10:02:13",133,18.61,133,20.06176,21.66189,20.08417,0
"2025-03-18 10:02:14",134,18.61,134,20.06176,21.63395,20.08417,0
"2025-03-18 10:02:15",135,18.61,135,20.05616,21.60042,20.08417,0
"2025-03-18 10:02:16",136,18.61,136,20.05056,21.57807,20.07297,0
"2025-03-18 10:02:17",137,18.61,137,20.05056,21.54453,20.07297,0
"2025-03-18 10:02:18",138,18.61,138,20.03936,21.52218,20.06176,0
"2025-03-18 10:02:19",139,18.61,139,20.03936,21.49423,20.06176,0
"2025-03-18 10:02:20",140,18.61,140,20.03936,21.47187,20.05616,0
"2025-03-18 10:02:21",141,18.61,141,20.03375,21.44392,20.05056,0
"2025-03-18 10:02:22",142,18.61,142,20.02815,21.42156,20.05056,0
"2025-03-18 10:02:23",143,18.61,143,20.02815,21.3992,20.03936,0
"2025-03-18 10:02:24",144,18.61,144,20.02255,21.37125,20.03936,0
"2025-03-18 10:02:25",145,18.61,145,20.01695,21.34888,20.03936,0
"2025-03-18 10:02:26",146,18.61,146,20.01135,21.32093,20.02815,0
"2025-03-18 10:02:27",147,18.61,147,20.00574,21.30416,20.02815,0
"2025-03-18 10:02:28",148,18.61,148,20.00574,21.28179,20.02255,0
"2025-03-18 10:02:29",149,18.61,149,20.00014,21.25943,20.01695,0
"2025-03-18 10:02:30",150,18.61,150,19.99454,21.23706,20.01695,0
"2025-03-18 10:02:31",151,18.61,151,19.99454,21.21469,20.01135,0
"2025-03-18 10:02:32",152,18.61,152,19.98894,21.19232,20.00574,0
"2025-03-18 10:02:33",153,18.61,153,19.98334,21.17555,20.00014,0
"2025-03-18 10:02:34",154,18.61,154,19.98334,21.15318,19.99454,0
"2025-03-18 10:02:35",155,18.64,155,19.99918,21.15781,20.02159,0
"2025-03-18 10:02:36",156,18.61,156,19.97213,21.11962,19.98334,0
"2025-03-18 10:02:37",157,18.61,157,19.97213,21.09725,19.98334,0
"2025-03-18 10:02:38",158,18.61,158,19.96093,21.08047,19.98334,0
"2025-03-18 10:02:39",159,18.61,159,19.96093,21.0581,19.97213,0
"2025-03-18 10:02:40",160,18.61,160,19.95533,21.04132,19.97213,0
"2025-03-18 10:02:41",161,18.61,161,19.94972,21.02454,19.96653,0
"2025-03-18 10:02:42",162,18.61,162,19.94972,21.00217,19.96093,0
"2025-03-18 10:02:43",163,18.61,163,19.94412,20.98538,19.96093,0
"2025-03-18 10:02:44",164,18.61,164,19.93852,20.9686,19.94972,0
"2025-03-18 10:02:45",165,18.61,165,19.93292,20.95182,19.94972,0
"2025-03-18 10:02:46",166,18.61,166,19.92731,20.93504,19.94412,0
"2025-03-18 10:02:47",167,18.61,167,19.92731,20.91825,19.93852,0
"2025-03-18 10:02:48",168,18.64,168,19.94876,20.92849,19.96557,0
"2025-03-18 10:02:49",169,18.61,169,19.91611,20.88469,19.92731,0
"2025-03-18 10:02:50",170,18.61,170,19.91051,20.8679,19.92731,0
"2025-03-18 10:02:51",171,18.64,171,19.93756,20.88373,19.95437,0
"2025-03-18 10:02:52",172,18.61,172,19.9049,20.83993,19.91611,0
"2025-03-18 10:02:53",173,18.61,173,19.9049,20.82314,19.91611,0
"2025-03-18 10:02:54",174,18.61,174,19.8993,20.80636,19.91611,0
"2025-03-18 10:02:55",175,18.61,175,19.89369,20.79517,19.9049,0
"2025-03-18 10:02:56",176,18.61,176,19.88809,20.77838,19.8993,0
"2025-03-18 10:02:57",177,18.61,177,19.88249,20.76159,19.89369,0
"2025-03-18 10:02:58",178,18.61,178,19.88809,20.74481,19.89369,0
"2025-03-18 10:02:59",179,18.61,179,19.88249,20.73362,19.89369,0
"2025-03-18 10:03:00",180,18.61,180,19.87688,20.72242,19.88249,0
"2025-03-18 10:03:01",181,18.61,181,19.87128,20.70564,19.88249,0
"2025-03-18 10:03:02",182,18.61,182,19.86568,20.69444,19.87688,0
"2025-03-18 10:03:03",183,18.61,183,19.86568,20.68325,19.87128,0
"2025-03-18 10:03:04",184,18.61,184,19.86568,20.66646,19.87128,0
"2025-03-18 10:03:05",185,18.61,185,19.86008,20.65527,19.86568,0
"2025-03-18 10:03:06",186,18.61,186,19.85447,20.63848,19.86008,0
"2025-03-18 10:03:07",187,18.61,187,19.84887,20.62728,19.86008,0
"2025-03-18 10:03:08",188,18.61,188,19.84327,20.61609,19.84887,0
"2025-03-18 10:03:09",189,18.61,189,19.83766,20.5993,19.84887,0
"2025-03-18 10:03:10",190,18.61,190,19.83766,20.58811,19.84327,0
"2025-03-18 10:03:11",191,18.61,191,19.83766,20.57691,19.83766,0
"2025-03-18 10:03:12",192,18.61,192,19.82645,20.56572,19.83766,0
"2025-03-18 10:03:13",193,18.61,193,19.82645,20.55452,19.83206,0
"2025-03-18 10:03:14",194,18.61,194,19.82645,20.54332,19.82645,0
"2025-03-18 10:03:15",195,18.61,195,19.82085,20.52653,19.82645,0
"2025-03-18 10:03:16",196,18.61,196,19.81525,20.51534,19.81525,0
"2025-03-18 10:03:17",197,18.61,197,19.80964,20.50414,19.81525,0
"2025-03-18 10:03:18",198,18.61,198,19.80964,20.49295,19.81525,0
"2025-03-18 10:03:19",199,18.61,199,19.80404,20.48735,19.80404,0
"2025-03-18 10:03:20",200,18.61,200,19.79844,20.47055,19.80404,0
"2025-03-18 10:03:21",201,18.61,201,19.79284,20.45936,19.80404,0
"2025-03-18 10:03:22",202,18.61,202,19.79284,20.45376,19.79284,0
"2025-03-18 10:03:23",203,18.61,203,19.78723,20.43696,19.79284,0
"2025-03-18 10:03:24",204,18.61,204,19.78163,20.42577,19.78723,0
"2025-03-18 10:03:25",205,18.61,205,19.78163,20.42017,19.78163,0
"2025-03-18 10:03:26",206,18.61,206,19.78163,20.41457,19.78163,0
"2025-03-18 10:03:27",207,18.61,207,19.77602,20.39777,19.77602,0
"2025-03-18 10:03:28",208,18.61,208,19.77042,20.39218,19.77042,0
"2025-03-18 10:03:29",209,18.61,209,19.77042,20.38098,19.77042,0
"2025-03-18 10:03:30",210,18.61,210,19.76481,20.36978,19.77042,0
"2025-03-18 10:03:31",211,18.61,211,19.75921,20.35858,19.75921,0
"2025-03-18 10:03:32",212,18.61,212,19.7536,20.34739,19.75921,0
"2025-03-18 10:03:33",213,18.61,213,19.7536,20.33618,19.7592,0
"2025-03-18 10:03:34",214,18.61,214,19.748,20.32498,19.748,0
"2025-03-18 10:03:35",215,18.61,215,19.748,20.32498,19.748,0
"2025-03-18 10:03:36",216,18.61,216,19.74239,20.31378,19.748,0
"2025-03-18 10:03:37",217,18.61,217,19.73679,20.30258,19.73679,0
"2025-03-18 10:03:38",218,18.61,218,19.73679,20.29138,19.73679,0
"2025-03-18 10:03:39",219,18.61,219,19.73118,20.28018,19.73679,0
"2025-03-18 10:03:40",220,18.61,220,19.72558,20.28018,19.72558,0
"2025-03-18 10:03:41",221,18.61,221,19.72558,20.26899,19.72558,0
"2025-03-18 10:03:42",222,18.61,222,19.72558,20.25778,19.72558,0
"2025-03-18 10:03:43",223,18.61,223,19.71437,20.24658,19.71997,0
"2025-03-18 10:03:44",224,18.61,224,19.71437,20.24098,19.71437,0
"2025-03-18 10:03:45",225,18.61,225,19.70877,20.22978,19.71437,0
"2025-03-18 10:03:46",226,18.61,226,19.70316,20.22418,19.70877,0
"2025-03-18 10:03:47",227,18.61,227,19.70316,20.21298,19.70316,0
"2025-03-18 10:03:48",228,18.61,228,19.70316,20.20738,19.70316,0
"2025-03-18 10:03:49",229,18.61,229,19.70316,20.19618,19.69756,0
"2025-03-18 10:03:50",230,18.61,230,19.69195,20.19058,19.69195,0
"2025-03-18 10:03:51",231,18.61,231,19.69195,20.17938,19.69195,0
"2025-03-18 10:03:52",232,18.61,232,19.69195,20.17378,19.69195,0
"2025-03-18 10:03:53",233,18.61,233,19.68635,20.16818,19.68074,0
"2025-03-18 10:03:54",234,18.61,234,19.68074,20.15698,19.68074,0
"2025-03-18 10:03:55",235,18.61,235,19.68074,20.15698,19.68074,0
"2025-03-18 10:03:56",236,18.61,236,19.68074,20.14578,19.68074,0
"2025-03-18 10:03:57",237,18.61,237,19.67514,20.13457,19.66953,0
"2025-03-18 10:03:58",238,18.61,238,19.66953,20.12897,19.66953,0
"2025-03-18 10:03:59",239,18.61,239,19.66953,20.12337,19.66953,0
"2025-03-18 10:04:00",240,18.61,240,19.66393,20.11217,19.66393,0
"2025-03-18 10:04:01",241,18.61,241,19.65832,20.10657,19.66393,0
"2025-03-18 10:04:02",242,18.61,242,19.65832,20.10097,19.65832,0
"2025-03-18 10:04:03",243,18.61,243,19.65832,20.09537,19.65832,0
"2025-03-18 10:04:04",244,18.61,244,19.65272,20.08977,19.65832,0
"2025-03-18 10:04:05",245,18.61,245,19.64711,20.07856,19.64711,0
"2025-03-18 10:04:06",246,18.61,246,19.64711,20.07296,19.64711,0
"2025-03-18 10:04:07",247,18.61,247,19.64711,20.06736,19.64711,0
"2025-03-18 10:04:08",248,18.61,248,19.64151,20.06176,19.64151,0
"2025-03-18 10:04:09",249,18.61,249,19.6359,20.05616,19.6359,0
"2025-03-18 10:04:10",250,18.61,250,19.6359,20.04495,19.6359,0
"2025-03-18 10:04:11",251,18.61,251,19.6359,20.04495,19.6359,0
"2025-03-18 10:04:12",252,18.61,252,19.6303,20.03375,19.6359,0
"2025-03-18 10:04:13",253,18.61,253,19.62469,20.02815,19.62469,0
"2025-03-18 10:04:14",254,18.61,254,19.62469,20.02255,19.62469,0
"2025-03-18 10:04:15",255,18.61,255,19.61909,20.01694,19.61909,0
"2025-03-18 10:04:16",256,18.61,256,19.61909,20.01134,19.61909,0
"2025-03-18 10:04:17",257,18.61,257,19.61348,20.00574,19.61348,0
"2025-03-18 10:04:18",258,18.61,258,19.61348,20.00014,19.61348,0
"2025-03-18 10:04:19",259,18.61,259,19.61348,19.98893,19.61348,0
"2025-03-18 10:04:20",260,18.61,260,19.60788,19.98893,19.60227,0
"2025-03-18 10:04:21",261,18.61,261,19.60788,19.97773,19.60227,0
"2025-03-18 10:04:22",262,18.61,262,19.60227,19.96652,19.60227,0
"2025-03-18 10:04:23",263,18.61,263,19.60227,19.96652,19.60227,0
"2025-03-18 10:04:24",264,18.61,264,19.59667,19.96652,19.59667,0
"2025-03-18 10:04:25",265,18.61,265,19.59667,19.96092,19.59106,0
"2025-03-18 10:04:26",266,18.61,266,19.59106,19.94972,19.59106,0
"2025-03-18 10:04:27",267,18.61,267,19.59106,19.94411,19.58545,0
"2025-03-18 10:04:28",268,18.61,268,19.59106,19.93291,19.58545,0
"2025-03-18 10:04:29",269,18.61,269,19.58545,19.93851,19.58545,0
"2025-03-18 10:04:30",270,18.61,270,19.57985,19.92731,19.57985,0
"2025-03-18 10:04:31",271,18.61,271,19.57985,19.92171,19.57985,0
"2025-03-18 10:04:32",272,18.61,272,19.57424,19.92171,19.57985,0
"2025-03-18 10:04:33",273,18.61,273,19.57424,19.9105,19.57424,0
"2025-03-18 10:04:34",274,18.61,274,19.56864,19.9105,19.57424,0
"2025-03-18 10:04:35",275,18.61,275,19.56864,19.9049,19.56864,0
"2025-03-18 10:04:36",276,18.61,276,19.56864,19.89929,19.56864,0
"2025-03-18 10:04:37",277,18.61,277,19.56303,19.89369,19.56303,0
"2025-03-18 10:04:38",278,18.61,278,19.55743,19.88809,19.55743,0
"2025-03-18 10:04:39",279,18.61,279,19.55743,19.88248,19.55743,0
"2025-03-18 10:04:40",280,18.61,280,19.55743,19.87688,19.55743,0
"2025-03-18 10:04:41",281,18.61,281,19.55743,19.87128,19.55743,0
"2025-03-18 10:04:42",282,18.61,282,19.55182,19.87128,19.55182,0
"2025-03-18 10:04:43",283,18.61,283,19.55182,19.86007,19.55182,0
"2025-03-18 10:04:44",284,18.61,284,19.54622,19.86007,19.54622,0
"2025-03-18 10:04:45",285,18.61,285,19.54622,19.84887,19.54622,0
"2025-03-18 10:04:46",286,18.61,286,19.54622,19.84887,19.54061,0
"2025-03-18 10:04:47",287,18.61,287,19.54061,19.84326,19.54061,0
"2025-03-18 10:04:48",288,18.61,288,19.54061,19.83766,19.535,0
"2025-03-18 10:04:49",289,18.61,289,19.535,19.83766,19.535,0
"2025-03-18 10:04:50",290,18.61,290,19.535,19.83205,19.535,0
"2025-03-18 10:04:51",291,18.61,291,19.535,19.82645,19.535,0
"2025-03-18 10:04:52",292,18.61,292,19.535,19.82085,19.5294,0
"2025-03-18 10:04:53",293,18.61,293,19.52379,19.82085,19.52379,0
"2025-03-18 10:04:54",294,18.61,294,19.5294,19.81524,19.52379,0
"2025-03-18 10:04:55",295,18.61,295,19.52379,19.80964,19.52379,0
"2025-03-18 10:04:56",296,18.61,296,19.52379,19.80404,19.52379,0
"2025-03-18 10:04:57",297,18.61,297,19.52379,19.79843,19.51818,0
"2025-03-18 10:04:58",298,18.61,298,19.51818,19.79843,19.51258,0
"2025-03-18 10:04:59",299,18.61,299,19.51258,19.79283,19.51258,0
"2025-03-18 12:00:00",300,18.1,0,18.06844,18.08529,18.08529,0
"2025-03-18 12:00:01",301,18.1,1,18.06844,18.08529,18.07967,0
"2025-03-18 12:00:02",302,18.1,2,18.06844,18.08529,18.07967,0
"2025-03-18 12:00:03",303,18.1,3,18.07405,18.08529,18.07967,0
"2025-03-18 12:00:04",304,18.1,4,18.06844,18.08529,18.07967,0
"2025-03-18 12:00:05",305,18.1,5,18.07405,18.08529,18.07967,0
"2025-03-18 12:00:06",306,18.1,6,18.06844,18.08529,18.07967,0
"2025-03-18 12:00:07",307,18.1,7,18.07405,18.08529,18.07967,0
"2025-03-18 12:00:08",308,18.1,8,18.07405,22.75995,18.07967,303.2
"2025-03-18 12:00:09",309,18.1,9,18.06844,28.26027,18.07967,303.2
"2025-03-18 12:00:10",310,18.1,10,18.06844,32.77669,18.07967,303.2
"2025-03-18 12:00:11",311,18.1,11,18.06844,36.60758,18.07967,302.5
"2025-03-18 12:00:12",312,18.1,12,18.07405,39.94943,18.07967,301.8
"2025-03-18 12:00:13",313,18.1,13,18.07405,42.91232,18.07967,301.8
"2025-03-18 12:00:14",314,18.1,14,18.06844,45.55162,18.07967,301.8
"2025-03-18 12:00:15",315,18.1,15,18.06844,47.9436,18.07967,301.8
"2025-03-18 12:00:16",316,18.1,16,18.07405,50.13438,18.07967,301.5
"2025-03-18 12:00:17",317,18.1,17,18.07405,52.14193,18.08529,300.4
"2025-03-18 12:00:18",318,18.1,18,18.07405,54.0158,18.09091,300.4
"2025-03-18 12:00:19",319,18.1,19,18.07405,55.77303,18.09091,300.4
"2025-03-18 12:00:20",320,18.1,20,18.07405,57.43042,18.09091,300.4
"2025-03-18 12:00:21",321,18.1,21,18.07967,58.98866,18.10214,300.4
"2025-03-18 12:00:22",322,18.1,22,18.08529,60.48013,18.10214,300.4
"2025-03-18 12:00:23",323,18.1,23,18.09653,57.90779,18.11338,0
"2025-03-18 12:00:24",324,18.1,24,18.10776,54.33562,18.12461,0
"2025-03-18 12:00:25",325,18.1,25,18.119,51.43592,18.14147,0
"2025-03-18 12:00:26",326,18.1,26,18.13023,49.05595,18.15832,0
"2025-03-18 12:00:27",327,18.1,27,18.14709,46.99103,18.17517,0
"2025-03-18 12:00:28",328,18.1,28,18.16394,45.21156,18.20326,0
"2025-03-18 12:00:29",329,18.1,29,18.18641,43.64833,18.22573,0
"2025-03-18 12:00:30",330,18.1,30,18.20888,42.24597,18.25381,0
"2025-03-18 12:00:31",331,18.1,31,18.24258,40.98193,18.28189,0
"2025-03-18 12:00:32",332,18.1,32,18.26504,39.84066,18.32121,0
"2025-03-18 12:00:33",333,18.1,33,18.29874,38.80643,18.3549,0
"2025-03-18 12:00:34",334,18.1,34,18.33244,37.85792,18.39421,0
"2025-03-18 12:00:35",335,18.1,35,18.37175,36.99003,18.43352,0
"2025-03-18 12:00:36",336,18.1,36,18.41106,36.18664,18.46721,0
"2025-03-18 12:00:37",337,18.1,37,18.44475,35.44799,18.51213,0
"2025-03-18 12:00:38",338,18.1,38,18.47844,34.76335,18.55143,0
"2025-03-18 12:00:39",339,18.1,39,18.51774,34.12738,18.59072,0
"2025-03-18 12:00:40",340,18.1,40,18.56266,33.52924,18.63002,0
"2025-03-18 12:00:41",341,18.1,41,18.59634,32.98001,18.67493,0
"2025-03-18 12:00:42",342,18.1,42,18.64125,32.45784,18.71983,0
"2025-03-18 12:00:43",343,18.1,43,18.67493,31.96828,18.75912,0
"2025-03-18 12:00:44",344,18.1,44,18.71983,31.51691,18.7984,0
"2025-03-18 12:00:45",345,18.1,45,18.75912,31.08176,18.8433,0
"2025-03-18 12:00:46",346,18.1,46,18.7984,30.67942,18.88258,0
"2025-03-18 12:00:47",347,18.1,47,18.83208,30.29338,18.92186,0
"2025-03-18 12:00:48",348,18.1,48,18.86574,29.9292,18.95552,0
"2025-03-18 12:00:49",349,18.1,49,18.91064,29.58691,18.9948,0
"2025-03-18 12:00:50",350,18.1,50,18.93869,29.2555,19.02846,0
"2025-03-18 12:00:51",351,18.1,51,18.97797,28.94603,19.05651,0
"2025-03-18 12:00:52",352,18.1,52,19.01163,28.64748,19.09578,0
"2025-03-18 12:00:53",353,18.1,53,19.03968,28.37093,19.12383,0
"2025-03-18 12:00:54",354,18.1,54,19.06773,28.0998,19.15187,0
"2025-03-18 12:00:55",355,18.1,55,19.10139,27.84516,19.18552,0
"2025-03-18 12:00:56",356,18.1,56,19.12383,27.60704,19.20796,0
"2025-03-18 12:00:57",357,18.1,57,19.15187,27.36885,19.236,0
"2025-03-18 12:00:58",358,18.1,58,19.17992,27.14719,19.25843,0
"2025-03-18 12:00:59",359,18.1,59,19.20235,26.93101,19.28087,0
"2025-03-18 12:01:00",360,18.1,60,19.22478,26.73139,19.3033,0
"2025-03-18 12:01:01",361,18.1,61,19.24722,26.53171,19.32573,0
"2025-03-18 12:01:02",362,18.1,62,19.26965,26.34307,19.34816,0
"2025-03-18 12:01:03",363,18.1,63,19.29208,26.15993,19.37059,0
"2025-03-18 12:01:04",364,18.1,64,19.30891,25.98784,19.3818,0
"2025-03-18 12:01:05",365,18.1,65,19.32573,25.81571,19.40423,0
"2025-03-18 12:01:06",366,18.1,66,19.34255,25.6602,19.41545,0
"2025-03-18 12:01:07",367,18.1,67,19.35937,25.50466,19.43227,0
"2025-03-18 12:01:08",368,18.1,68,19.3762,25.35463,19.44909,0
"2025-03-18 12:01:09",369,18.1,69,19.39302,25.21012,19.4603,0
"2025-03-18 12:01:10",370,18.1,70,19.40423,25.06559,19.47151,0
"2025-03-18 12:01:11",371,18.1,71,19.41545,24.93215,19.48273,0
"2025-03-18 12:01:12",372,18.1,72,19.42666,24.80424,19.49394,0
"2025-03-18 12:01:13",373,18.1,73,19.43787,24.67631,19.50515,0
"2025-03-18 12:01:14",374,18.1,74,19.44909,24.55948,19.51636,0
"2025-03-18 12:01:15",375,18.1,75,19.4603,24.43706,19.52757,0
"2025-03-18 12:01:16",376,18.1,76,19.47151,24.32576,19.53879,0
"2025-03-18 12:01:17",377,18.1,77,19.48273,24.21443,19.53879,0
"2025-03-18 12:01:18",378,18.1,78,19.48273,24.10866,19.55,0
"2025-03-18 12:01:19",379,18.1,79,19.49394,24.00286,19.5556,0
"2025-03-18 12:01:20",380,18.1,80,19.50515,23.90263,19.56121,0
"2025-03-18 12:01:21",381,18.1,81,19.50515,23.80794,19.56121,0
"2025-03-18 12:01:22",382,18.1,82,19.51636,23.71324,19.57242,0
"2025-03-18 12:01:23",383,18.1,83,19.52197,23.61853,19.57242,0
"2025-03-18 12:01:24",384,18.1,84,19.52197,23.52938,19.57803,0
"2025-03-18 12:01:25",385,18.1,85,19.52757,23.44579,19.58363,0
"2025-03-18 12:01:26",386,18.1,86,19.53318,23.36219,19.58363,0
"2025-03-18 12:01:27",387,18.1,87,19.52757,23.27858,19.58924,0
"2025-03-18 12:01:28",388,18.1,88,19.53879,23.20053,19.58924,0
"2025-03-18 12:01:29",389,18.1,89,19.53879,23.12247,19.59484,0
"2025-03-18 12:01:30",390,18.1,90,19.54439,23.04998,19.59484,0
"2025-03-18 12:01:31",391,18.1,91,19.55,22.96633,19.59484,0
"2025-03-18 12:01:32",392,18.1,92,19.55,22.89941,19.59484,0
"2025-03-18 12:01:33",393,18.1,93,19.55,22.83247,19.59484,0
"2025-03-18 12:01:34",394,18.1,94,19.55,22.76553,19.59484,0
"2025-03-18 12:01:35",395,18.1,95,19.55,22.69858,19.59484,0
"2025-03-18 12:01:36",396,18.1,96,19.55,22.63162,19.59484,0
"2025-03-18 12:01:37",397,18.1,97,19.55,22.56466,19.59484,0
"2025-03-18 12:01:38",398,18.1,98,19.55,22.50885,19.59484,0
"2025-03-18 12:01:39",399,18.1,99,19.55,22.44746,19.59484,0
"2025-03-18 12:01:40",400,18.1,100,19.55,22.38606,19.59484,0
"2025-03-18 12:01:41",401,18.1,101,19.55,22.33024,19.58924,0
"2025-03-18 12:01:42",402,18.1,102,19.55,22.27442,19.58924,0
"2025-03-18 12:01:43",403,18.1,103,19.55,22.21858,19.58363,0
"2025-03-18 12:01:44",404,18.1,104,19.53879,22.16833,19.58363,0
"2025-03-18 12:01:45",405,18.1,105,19.53879,22.11808,19.58363,0
"2025-03-18 12:01:46",406,18.1,106,19.53879,22.06223,19.58363,0
"2025-03-18 12:01:47",407,18.1,107,19.53879,22.01755,19.57803,0
"2025-03-18 12:01:48",408,18.1,108,19.53879,21.96729,19.57242,0
"2025-03-18 12:01:49",409,18.1,109,19.53318,21.91702,19.57242,0
"2025-03-18 12:01:50",410,18.1,110,19.52757,21.87233,19.57242,0
"2025-03-18 12:01:51",411,18.1,111,19.52757,21.82763,19.56121,0
"2025-03-18 12:01:52",412,18.1,112,19.52757,21.78294,19.56121,0
"2025-03-18 12:01:53",413,18.1,113,19.52757,21.73825,19.56121,0
"2025-03-18 12:01:54",414,18.1,114,19.52197,21.69354,19.55,0
"2025-03-18 12:01:55",415,18.1,115,19.51636,21.65443,19.55,0
"2025-03-18 12:01:56",416,18.1,116,19.51636,21.61531,19.55,0
"2025-03-18 12:01:57",417,18.1,117,19.51075,21.5706,19.53879,0
"2025-03-18 12:01:58",418,18.1,118,19.50515,21.53707,19.53879,0
"2025-03-18 12:01:59",419,18.1,119,19.50515,21.49795,19.53879,0
"2025-03-18 12:02:00",420,18.1,120,19.49954,21.45882,19.53318,0
"2025-03-18 12:02:01",421,18.1,121,19.49394,21.42528,19.52757,0
"2025-03-18 12:02:02",422,18.1,122,19.49394,21.38615,19.52757,0
"2025-03-18 12:02:03",423,18.1,123,19.49394,21.34702,19.52197,0
"2025-03-18 12:02:04",424,18.1,124,19.48273,21.31906,19.51636,0
"2025-03-18 12:02:05",425,18.1,125,19.48273,21.27992,19.51636,0
"2025-03-18 12:02:06",426,18.1,126,19.48273,21.25196,19.50515,0
"2025-03-18 12:02:07",427,18.1,127,19.47151,21.21282,19.50515,0
"2025-03-18 12:02:08",428,18.1,128,19.47151,21.18487,19.49954,0
"2025-03-18 12:02:09",429,18.1,129,19.46591,21.15131,19.49394,0
"2025-03-18 12:02:10",430,18.1,130,19.4603,21.12335,19.49394,0
"2025-03-18 12:02:11",431,18.1,131,19.4603,21.08979,19.48273,0
"2025-03-18 12:02:12",432,18.1,132,19.44909,21.06183,19.48273,0
"2025-03-18 12:02:13",433,18.1,133,19.44909,21.03386,19.47712,0
"2025-03-18 12:02:14",434,18.1,134,19.44909,21.00031,19.47151,0
"2025-03-18 12:02:15",435,18.1,135,19.43787,20.97234,19.47151,0
"2025-03-18 12:02:16",436,18.1,136,19.43787,20.94996,19.4603,0
"2025-03-18 12:02:17",437,18.1,137,19.43227,20.92199,19.4603,0
"2025-03-18 12:02:18",438,18.1,138,19.42666,20.88842,19.45469,0
"2025-03-18 12:02:19",439,18.1,139,19.42666,20.86604,19.44909,0
"2025-03-18 12:02:20",440,18.1,140,19.41545,20.83807,19.44909,0
"2025-03-18 12:02:21",441,18.1,141,19.40984,20.81569,19.43787,0
"2025-03-18 12:02:22",442,18.1,142,19.40423,20.78771,19.43787,0
"2025-03-18 12:02:23",443,18.1,143,19.40423,20.76533,19.42666,0
"2025-03-18 12:02:24",444,18.1,144,19.39862,20.73736,19.42666,0
"2025-03-18 12:02:25",445,18.1,145,19.39302,20.71497,19.41545,0
"2025-03-18 12:02:26",446,18.1,146,19.39302,20.69259,19.41545,0
"2025-03-18 12:02:27",447,18.1,147,19.3818,20.6702,19.40984,0
"2025-03-18 12:02:28",448,18.1,148,19.3818,20.64222,19.40423,0
"2025-03-18 12:02:29",449,18.1,149,19.3818,20.61983,19.40423,0
"2025-03-18 12:02:30",450,18.1,150,19.3762,20.60304,19.39302,0
"2025-03-18 12:02:31",451,18.1,151,19.37059,20.58066,19.39302,0
"2025-03-18 12:02:32",452,18.1,152,19.35937,20.56386,19.38741,0
"2025-03-18 12:02:33",453,18.1,153,19.35937,20.53588,19.3818,0
"2025-03-18 12:02:34",454,18.1,154,19.34816,20.51908,19.3818,0
"2025-03-18 12:02:35",455,18.1,155,19.34816,20.49669,19.37059,0
"2025-03-18 12:02:36",456,18.1,156,19.34255,20.4743,19.37059,0
"2025-03-18 12:02:37",457,18.1,157,19.33694,20.46311,19.35937,0
"2025-03-18 12:02:38",458,18.1,158,19.33694,20.44071,19.35937,0
"2025-03-18 12:02:39",459,18.1,159,19.33134,20.41832,19.34816,0
"2025-03-18 12:02:40",460,18.1,160,19.32573,20.39593,19.34816,0
"2025-03-18 12:02:41",461,18.1,161,19.32573,20.37913,19.34816,0
"2025-03-18 12:02:42",462,18.1,162,19.31451,20.36233,19.33694,0
"2025-03-18 12:02:43",463,18.1,163,19.31451,20.33994,19.33694,0
"2025-03-18 12:02:44",464,18.1,164,19.3033,20.32874,19.33134,0
"2025-03-18 12:02:45",465,18.1,165,19.3033,20.31194,19.32573,0
"2025-03-18 12:02:46",466,18.1,166,19.3033,20.28954,19.32573,0
"2025-03-18 12:02:47",467,18.1,167,19.29208,20.27275,19.31451,0
"2025-03-18 12:02:48",468,18.1,168,19.29208,20.26155,19.31451,0
"2025-03-18 12:02:49",469,18.1,169,19.28087,20.23915,19.3033,0
"2025-03-18 12:02:50",470,18.1,170,19.28087,20.22795,19.3033,0
"2025-03-18 12:02:51",471,18.1,171,19.27526,20.20555,19.29769,0
"2025-03-18 12:02:52",472,18.1,172,19.26965,20.19435,19.29208,0
"2025-03-18 12:02:53",473,18.1,173,19.26965,20.17754,19.28647,0
"2025-03-18 12:02:54",474,18.1,174,19.25843,20.16074,19.28087,0
"2025-03-18 12:02:55",475,18.1,175,19.25843,20.14394,19.27526,0
"2025-03-18 12:02:56",476,18.1,176,19.25283,20.13834,19.26965,0
"2025-03-18 12:02:57",477,18.1,177,19.24722,20.11594,19.26965,0
"2025-03-18 12:02:58",478,18.1,178,19.24722,20.10473,19.26404,0
"2025-03-18 12:02:59",479,18.1,179,19.236,20.08793,19.25843,0
"2025-03-18 12:03:00",480,18.1,180,19.236,20.07113,19.25843,0
"2025-03-18 12:03:01",481,18.1,181,19.23039,20.05992,19.24722,0
"2025-03-18 12:03:02",482,18.1,182,19.22478,20.04312,19.24722,0
"2025-03-18 12:03:03",483,18.1,183,19.21918,20.03192,19.24161,0
"2025-03-18 12:03:04",484,18.1,184,19.21357,20.01511,19.236,0
"2025-03-18 12:03:05",485,18.1,185,19.21357,20.00391,19.236,0
"2025-03-18 12:03:06",486,18.1,186,19.20796,19.9927,19.22478,0
"2025-03-18 12:03:07",487,18.1,187,19.20235,19.9759,19.22478,0
"2025-03-18 12:03:08",488,18.1,188,19.20235,19.95909,19.21918,0
"2025-03-18 12:03:09",489,18.1,189,19.19113,19.95349,19.21357,0
"2025-03-18 12:03:10",490,18.1,190,19.19113,19.94228,19.21357,0
"2025-03-18 12:03:11",491,18.1,191,19.19113,19.92548,19.20235,0
"2025-03-18 12:03:12",492,18.1,192,19.17992,19.91427,19.20235,0
"2025-03-18 12:03:13",493,18.1,193,19.17992,19.90306,19.20235,0
"2025-03-18 12:03:14",494,18.1,194,19.17992,19.89186,19.19113,0
"2025-03-18 12:03:15",495,18.1,195,19.1687,19.88065,19.19113,0
"2025-03-18 12:03:16",496,18.1,196,19.1687,19.86385,19.19113,0
"2025-03-18 12:03:17",497,18.1,197,19.16309,19.85264,19.17992,0
"2025-03-18 12:03:18",498,18.1,198,19.15748,19.84703,19.17992,0
"2025-03-18 12:03:19",499,18.1,199,19.15187,19.83583,19.17431,0
"2025-03-18 12:03:20",500,18.1,200,19.15187,19.82462,19.1687,0
"2025-03-18 12:03:21",501,18.1,201,19.14626,19.81342,19.1687,0
"2025-03-18 12:03:22",502,18.1,202,19.14065,19.80221,19.15748,0
"2025-03-18 12:03:23",503,18.1,203,19.13504,19.791,19.15748,0
"2025-03-18 12:03:24",504,18.1,204,19.13504,19.77979,19.15748,0
"2025-03-18 12:03:25",505,18.1,205,19.13504,19.76859,19.14626,0
"2025-03-18 12:03:26",506,18.1,206,19.12383,19.75738,19.14626,0
"2025-03-18 12:03:27",507,18.1,207,19.12383,19.74617,19.14065,0
"2025-03-18 12:03:28",508,18.1,208,19.11822,19.74057,19.13504,0
"2025-03-18 12:03:29",509,18.1,209,19.11261,19.72375,19.13504,0
"2025-03-18 12:03:30",510,18.1,210,19.11261,19.71254,19.12383,0
"2025-03-18 12:03:31",511,18.1,211,19.10139,19.70694,19.12383,0
"2025-03-18 12:03:32",512,18.1,212,19.10139,19.70133,19.12383,0
"2025-03-18 12:03:33",513,18.1,213,19.09578,19.69013,19.12383,0
"2025-03-18 12:03:34",514,18.1,214,19.09017,19.67892,19.11261,0
"2025-03-18 12:03:35",515,18.1,215,19.09017,19.66771,19.11261,0
"2025-03-18 12:03:36",516,18.1,216,19.09017,19.6565,19.10139,0
"2025-03-18 12:03:37",517,18.1,217,19.08456,19.64529,19.10139,0
"2025-03-18 12:03:38",518,18.1,218,19.07895,19.63408,19.09578,0
"2025-03-18 12:03:39",519,18.1,219,19.07895,19.63408,19.09017,0
"2025-03-18 12:03:40",520,18.1,220,19.06773,19.62287,19.09017,0
"2025-03-18 12:03:41",521,18.1,221,19.07334,19.61166,19.09017,0
"2025-03-18 12:03:42",522,18.1,222,19.06773,19.60605,19.07895,0
"2025-03-18 12:03:43",523,18.1,223,19.06212,19.59484,19.07895,0
"2025-03-18 12:03:44",524,18.1,224,19.05651,19.58363,19.07895,0
"2025-03-18 12:03:45",525,18.1,225,19.05651,19.57803,19.07334,0
"2025-03-18 12:03:46",526,18.1,226,19.04529,19.57242,19.06773,0
"2025-03-18 12:03:47",527,18.1,227,19.04529,19.56681,19.06773,0
"2025-03-18 12:03:48",528,18.1,228,19.04529,19.5556,19.05651,0
"2025-03-18 12:03:49",529,18.1,229,19.03968,19.54439,19.05651,0
"2025-03-18 12:03:50",530,18.1,230,19.03407,19.54439,19.05651,0
"2025-03-18 12:03:51",531,18.1,231,19.03407,19.53318,19.04529,0
"2025-03-18 12:03:52",532,18.1,232,19.02846,19.52197,19.04529,0
"2025-03-18 12:03:53",533,18.1,233,19.02846,19.51636,19.04529,0
"2025-03-18 12:03:54",534,18.1,234,19.02285,19.51075,19.03407,0
"2025-03-18 12:03:55",535,18.1,235,19.01724,19.49394,19.03407,0
"2025-03-18 12:03:56",536,18.1,236,19.01163,19.48833,19.03407,0
"2025-03-18 12:03:57",537,18.1,237,19.01163,19.48273,19.02846,0
"2025-03-18 12:03:58",538,18.1,238,19.01163,19.47712,19.02285,0
"2025-03-18 12:03:59",539,18.1,239,19.00041,19.47151,19.02285,0
"2025-03-18 12:04:00",540,18.1,240,19.00041,19.4603,19.02285,0
"2025-03-18 12:04:01",541,18.1,241,19.00041,19.45469,19.01163,0
"2025-03-18 12:04:02",542,18.1,242,18.9948,19.44909,19.01163,0
"2025-03-18 12:04:03",543,18.1,243,18.98919,19.43787,19.01163,0
"2025-03-18 12:04:04",544,18.1,244,18.98919,19.43227,19.00602,0
"2025-03-18 12:04:05",545,18.1,245,18.98919,19.43227,19.00041,0
"2025-03-18 12:04:06",546,18.1,246,18.97797,19.42105,19.00041,0
"2025-03-18 12:04:07",547,18.1,247,18.97797,19.40984,19.00041,0
"2025-03-18 12:04:08",548,18.1,248,18.97235,19.40423,18.98919,0
"2025-03-18 12:04:09",549,18.1,249,18.97235,19.39862,18.98919,0
"2025-03-18 12:04:10",550,18.1,250,18.96675,19.38741,18.98919,0
"2025-03-18 12:04:11",551,18.1,251,18.96675,19.38741,18.97797,0
"2025-03-18 12:04:12",552,18.1,252,18.96675,19.3762,18.97797,0
"2025-03-18 12:04:13",553,18.1,253,18.96114,19.3762,18.97797,0
"2025-03-18 12:04:14",554,18.1,254,18.95552,19.36498,18.97797,0
"2025-03-18 12:04:15",555,18.1,255,18.95552,19.35377,18.96675,0
"2025-03-18 12:04:16",556,18.1,256,18.9443,19.35377,18.96675,0
"2025-03-18 12:04:17",557,18.1,257,18.9443,19.34255,18.96675,0
"2025-03-18 12:04:18",558,18.1,258,18.9443,19.34255,18.96675,0
"2025-03-18 12:04:19",559,18.1,259,18.9443,19.33134,18.96114,0
"2025-03-18 12:04:20",560,18.1,260,18.9443,19.33134,18.95552,0
"2025-03-18 12:04:21",561,18.1,261,18.93308,19.32573,18.94991,0
"2025-03-18 12:04:22",562,18.1,262,18.93308,19.31451,18.9443,0
"2025-03-18 12:04:23",563,18.1,263,18.92747,19.30891,18.9443,0
"2025-03-18 12:04:24",564,18.1,264,18.92186,19.3033,18.9443,0
"2025-03-18 12:04:25",565,18.1,265,18.92186,19.29769,18.9443,0
"2025-03-18 12:04:26",566,18.1,266,18.92186,19.29208,18.93308,0
"2025-03-18 12:04:27",567,18.1,267,18.92186,19.28647,18.93308,0
"2025-03-18 12:04:28",568,18.1,268,18.91625,19.28087,18.93308,0
"2025-03-18 12:04:29",569,18.1,269,18.91064,19.27526,18.93308,0
"2025-03-18 12:04:30",570,18.1,270,18.91064,19.27526,18.92747,0
"2025-03-18 12:04:31",571,18.1,271,18.90502,19.26404,18.92186,0
"2025-03-18 12:04:32",572,18.1,272,18.90502,19.25843,18.92186,0
"2025-03-18 12:04:33",573,18.1,273,18.89941,19.25283,18.92186,0
"2025-03-18 12:04:34",574,18.1,274,18.89941,19.24722,18.91625,0
"2025-03-18 12:04:35",575,18.1,275,18.89941,19.24161,18.91064,0
"2025-03-18 12:04:36",576,18.1,276,18.8938,19.24161,18.91064,0
"2025-03-18 12:04:37",577,18.1,277,18.88819,19.23039,18.91064,0
"2025-03-18 12:04:38",578,18.1,278,18.88819,19.22478,18.89941,0
"2025-03-18 12:04:39",579,18.1,279,18.88819,19.21918,18.89941,0
"2025-03-18 12:04:40",580,18.1,280,18.88258,19.21357,18.89941,0
"2025-03-18 12:04:41",581,18.1,281,18.87697,19.21357,18.8938,0
"2025-03-18 12:04:42",582,18.1,282,18.87697,19.20796,18.8938,0
"2025-03-18 12:04:43",583,18.1,283,18.87697,19.19674,18.88819,0
"2025-03-18 12:04:44",584,18.1,284,18.87136,19.19113,18.88819,0
"2025-03-18 12:04:45",585,18.1,285,18.87136,19.19113,18.88258,0
"2025-03-18 12:04:46",586,18.1,286,18.86574,19.18552,18.88258,0
"2025-03-18 12:04:47",587,18.1,287,18.86013,19.17992,18.87697,0
"2025-03-18 12:04:48",588,18.1,288,18.86013,19.17431,18.87697,0
"2025-03-18 12:04:49",589,18.1,289,18.85452,19.17431,18.87697,0
"2025-03-18 12:04:50",590,18.1,290,18.85452,19.16309,18.87136,0
"2025-03-18 12:04:51",591,18.1,291,18.85452,19.16309,18.86574,0
"2025-03-18 12:04:52",592,18.1,292,18.84891,19.15748,18.86574,0
"2025-03-18 12:04:53",593,18.1,293,18.8433,19.15187,18.86574,0
"2025-03-18 12:04:54",594,18.1,294,18.8433,19.14626,18.86574,0
"2025-03-18 12:04:55",595,18.1,295,18.8433,19.14626,18.86013,0
"2025-03-18 12:04:56",596,18.1,296,18.83769,19.14065,18.85452,0
"2025-03-18 12:04:57",597,18.1,297,18.83769,19.13504,18.85452,0
"2025-03-18 12:04:58",598,18.1,298,18.83208,19.12943,18.84891,0
"2025-03-18 12:04:59",599,18.1,299,18.83208,19.12943,18.8433,0
"2025-03-18 14:00:00",600,18.1,0,17.97292,17.99539,17.98977,0
"2025-03-18 14:00:01",601,18.1,1,17.97292,17.99539,17.98977,0
"2025-03-18 14:00:02",602,18.1,2,17.97292,17.99539,17.98977,0
"2025-03-18 14:00:03",603,18.1,3,17.97292,17.99539,17.98977,0
"2025-03-18 14:00:04",604,18.1,4,17.97292,17.98977,17.98977,0
"2025-03-18 14:00:05",605,18.1,5,17.97292,17.99539,17.98977,0
"2025-03-18 14:00:06",606,18.1,6,17.97854,17.99539,17.98977,0
"2025-03-18 14:00:07",607,18.1,7,17.97292,17.99539,17.98977,0
"2025-03-18 14:00:08",608,18.1,8,17.97292,22.64836,17.98977,303.1
"2025-03-18 14:00:09",609,18.1,9,17.97292,28.1496,17.98977,303.1
"2025-03-18 14:00:10",610,18.1,10,17.97292,32.65027,17.98977,303.1
"2025-03-18 14:00:11",611,18.1,11,17.97292,36.47094,17.98977,301.8
"2025-03-18 14:00:12",612,18.1,12,17.97292,39.80258,17.98977,301.8
"2025-03-18 14:00:13",613,18.1,13,17.97292,42.74443,17.98977,301.8
"2025-03-18 14:00:14",614,18.1,14,17.97292,45.37352,17.98977,301.8
"2025-03-18 14:00:15",615,18.1,15,17.97292,47.7661,17.98977,301.8
"2025-03-18 14:00:16",616,18.1,16,17.97292,49.94135,17.99539,301.1
"2025-03-18 14:00:17",617,18.1,17,17.97292,51.9655,17.99539,300.4
"2025-03-18 14:00:18",618,18.1,18,17.97292,53.82384,17.99539,300.4
"2025-03-18 14:00:19",619,18.1,19,17.98416,55.56559,18.00101,300.4
"2025-03-18 14:00:20",620,18.1,20,17.98416,57.23938,18.00101,300.4
"2025-03-18 14:00:21",621,18.1,21,17.98416,58.79804,18.00663,300.4
"2025-03-18 14:00:22",622,18.1,22,17.99539,60.2899,18.01787,300.4
"2025-03-18 14:00:23",623,18.1,23,18.00101,57.71688,18.02911,0
"2025-03-18 14:00:24",624,18.1,24,18.01225,54.12775,18.04034,0
"2025-03-18 14:00:25",625,18.1,25,18.02349,51.24326,18.05158,0
"2025-03-18 14:00:26",626,18.1,26,18.03473,48.86263,18.06844,0
"2025-03-18 14:00:27",627,18.1,27,18.05158,46.79713,18.09091,0
"2025-03-18 14:00:28",628,18.1,28,18.07405,45.01715,18.11338,0
"2025-03-18 14:00:29",629,18.1,29,18.09653,43.45899,18.13585,0
"2025-03-18 14:00:30",630,18.1,30,18.119,42.05082,18.16394,0
"2025-03-18 14:00:31",631,18.1,31,18.14709,40.79185,18.19764,0
"2025-03-18 14:00:32",632,18.1,32,18.17517,39.6557,18.23134,0
"2025-03-18 14:00:33",633,18.1,33,18.20888,38.6212,18.26504,0
"2025-03-18 14:00:34",634,18.1,34,18.24258,37.68335,18.30436,0
"2025-03-18 14:00:35",635,18.1,35,18.27628,36.81522,18.34367,0
"2025-03-18 14:00:36",636,18.1,36,18.30997,36.01709,18.38298,0
"2025-03-18 14:00:37",637,18.1,37,18.3549,35.27827,18.42229,0
"2025-03-18 14:00:38",638,18.1,38,18.39421,34.59893,18.4616,0
"2025-03-18 14:00:39",639,18.1,39,18.43352,33.9628,18.5009,0
"2025-03-18 14:00:40",640,18.1,40,18.4616,33.3755,18.54581,0
"2025-03-18 14:00:41",641,18.1,41,18.50651,32.82615,18.58511,0
"2025-03-18 14:00:42",642,18.1,42,18.54581,32.30936,18.63002,0
"2025-03-18 14:00:43",643,18.1,43,18.58511,31.8252,18.67493,0
"2025-03-18 14:00:44",644,18.1,44,18.62441,31.36271,18.71422,0
"2025-03-18 14:00:45",645,18.1,45,18.6637,30.93298,18.75351,0
"2025-03-18 14:00:46",646,18.1,46,18.70299,30.53054,18.79279,0
"2025-03-18 14:00:47",647,18.1,47,18.74228,30.14994,18.83208,0
"2025-03-18 14:00:48",648,18.1,48,18.77596,29.7912,18.86574,0
"2025-03-18 14:00:49",649,18.1,49,18.80963,29.44332,18.90502,0
"2025-03-18 14:00:50",650,18.1,50,18.84891,29.11736,18.93869,0
"2025-03-18 14:00:51",651,18.1,51,18.87697,28.81336,18.97235,0
"2025-03-18 14:00:52",652,18.1,52,18.91064,28.51475,19.00602,0
"2025-03-18 14:00:53",653,18.1,53,18.9443,28.23814,19.03407,0
"2025-03-18 14:00:54",654,18.1,54,18.97797,27.97249,19.06773,0
"2025-03-18 14:00:55",655,18.1,55,19.00041,27.71781,19.09578,0
"2025-03-18 14:00:56",656,18.1,56,19.03407,27.47411,19.12383,0
"2025-03-18 14:00:57",657,18.1,57,19.05651,27.2414,19.14626,0
"2025-03-18 14:00:58",658,18.1,58,19.09017,27.01971,19.1687,0
"2025-03-18 14:00:59",659,18.1,59,19.107,26.80903,19.19113,0
"2025-03-18 14:01:00",660,18.1,60,19.13504,26.60382,19.21357,0
"2025-03-18 14:01:01",661,18.1,61,19.15748,26.40966,19.236,0
"2025-03-18 14:01:02",662,18.1,62,19.17992,26.22099,19.25843,0
"2025-03-18 14:01:03",663,18.1,63,19.19113,26.04336,19.28087,0
"2025-03-18 14:01:04",664,18.1,64,19.21357,25.86569,19.29208,0
"2025-03-18 14:01:05",665,18.1,65,19.236,25.69908,19.31451,0
"2025-03-18 14:01:06",666,18.1,66,19.24722,25.53799,19.32573,0
"2025-03-18 14:01:07",667,18.1,67,19.26965,25.38797,19.34255,0
"2025-03-18 14:01:08",668,18.1,68,19.28087,25.23792,19.35937,0
"2025-03-18 14:01:09",669,18.1,69,19.29208,25.08783,19.37059,0
"2025-03-18 14:01:10",670,18.1,70,19.31451,24.95439,19.3818,0
"2025-03-18 14:01:11",671,18.1,71,19.32012,24.81536,19.39302,0
"2025-03-18 14:01:12",672,18.1,72,19.33694,24.68743,19.40423,0
"2025-03-18 14:01:13",673,18.1,73,19.34816,24.56504,19.41545,0
"2025-03-18 14:01:14",674,18.1,74,19.35377,24.44263,19.42666,0
"2025-03-18 14:01:15",675,18.1,75,19.35937,24.32576,19.43787,0
"2025-03-18 14:01:16",676,18.1,76,19.37059,24.20887,19.44909,0
"2025-03-18 14:01:17",677,18.1,77,19.3818,24.10309,19.44909,0
"2025-03-18 14:01:18",678,18.1,78,19.39302,23.99173,19.4603,0
"2025-03-18 14:01:19",679,18.1,79,19.40423,23.89149,19.4603,0
"2025-03-18 14:01:20",680,18.1,80,19.40423,23.79123,19.47151,0
"2025-03-18 14:01:21",681,18.1,81,19.41545,23.69096,19.47151,0
"2025-03-18 14:01:22",682,18.1,82,19.41545,23.60182,19.48273,0
"2025-03-18 14:01:23",683,18.1,83,19.42666,23.50709,19.48273,0
"2025-03-18 14:01:24",684,18.1,84,19.42666,23.4235,19.48833,0
"2025-03-18 14:01:25",685,18.1,85,19.43787,23.33432,19.49394,0
"2025-03-18 14:01:26",686,18.1,86,19.43787,23.2507,19.49394,0
"2025-03-18 14:01:27",687,18.1,87,19.43787,23.16708,19.49394,0
"2025-03-18 14:01:28",688,18.1,88,19.44348,23.08902,19.49394,0
"2025-03-18 14:01:29",689,18.1,89,19.44909,23.01095,19.49954,0
"2025-03-18 14:01:30",690,18.1,90,19.44909,22.93287,19.50515,0
"2025-03-18 14:01:31",691,18.1,91,19.44909,22.86594,19.50515,0
"2025-03-18 14:01:32",692,18.1,92,19.44909,22.79342,19.50515,0
"2025-03-18 14:01:33",693,18.1,93,19.44909,22.72647,19.50515,0
"2025-03-18 14:01:34",694,18.1,94,19.44909,22.65394,19.50515,0
"2025-03-18 14:01:35",695,18.1,95,19.44909,22.59257,19.50515,0
"2025-03-18 14:01:36",696,18.1,96,19.44909,22.5256,19.50515,0
"2025-03-18 14:01:37",697,18.1,97,19.45469,22.45863,19.50515,0
"2025-03-18 14:01:38",698,18.1,98,19.44909,22.40281,19.50515,0
"2025-03-18 14:01:39",699,18.1,99,19.44909,22.34141,19.50515,0
"2025-03-18 14:01:40",700,18.1,100,19.44909,22.28558,19.49394,0
"2025-03-18 14:01:41",701,18.1,101,19.44909,22.22975,19.49394,0
"2025-03-18 14:01:42",702,18.1,102,19.44909,22.16833,19.49394,0
"2025-03-18 14:01:43",703,18.1,103,19.44909,22.11808,19.49394,0
"2025-03-18 14:01:44",704,18.1,104,19.44348,22.06782,19.49394,0
"2025-03-18 14:01:45",705,18.1,105,19.44909,22.01197,19.48833,0
"2025-03-18 14:01:46",706,18.1,106,19.44348,21.9617,19.48273,0
"2025-03-18 14:01:47",707,18.1,107,19.43787,21.91143,19.48273,0
"2025-03-18 14:01:48",708,18.1,108,19.43787,21.86115,19.48273,0
"2025-03-18 14:01:49",709,18.1,109,19.43787,21.81646,19.48273,0
"2025-03-18 14:01:50",710,18.1,110,19.43227,21.77177,19.47151,0
"2025-03-18 14:01:51",711,18.1,111,19.43787,21.72707,19.47151,0
"2025-03-18 14:01:52",712,18.1,112,19.42666,21.68237,19.47151,0
"2025-03-18 14:01:53",713,18.1,113,19.42666,21.63766,19.46591,0
"2025-03-18 14:01:54",714,18.1,114,19.42666,21.59296,19.4603,0
"2025-03-18 14:01:55",715,18.1,115,19.42105,21.55383,19.4603,0
"2025-03-18 14:01:56",716,18.1,116,19.41545,21.50912,19.45469,0
"2025-03-18 14:01:57",717,18.1,117,19.41545,21.47,19.44909,0
"2025-03-18 14:01:58",718,18.1,118,19.41545,21.43646,19.44909,0
"2025-03-18 14:01:59",719,18.1,119,19.40423,21.39174,19.44348,0
"2025-03-18 14:02:00",720,18.1,120,19.40423,21.3582,19.43787,0
"2025-03-18 14:02:01",721,18.1,121,19.40423,21.32465,19.43787,0
"2025-03-18 14:02:02",722,18.1,122,19.39862,21.28551,19.43227,0
"2025-03-18 14:02:03",723,18.1,123,19.39302,21.24637,19.42666,0
"2025-03-18 14:02:04",724,18.1,124,19.38741,21.21282,19.42666,0
"2025-03-18 14:02:05",725,18.1,125,19.38741,21.17927,19.42105,0
"2025-03-18 14:02:06",726,18.1,126,19.3818,21.14572,19.41545,0
"2025-03-18 14:02:07",727,18.1,127,19.3818,21.11217,19.40984,0
"2025-03-18 14:02:08",728,18.1,128,19.37059,21.07861,19.40423,0
"2025-03-18 14:02:09",729,18.1,129,19.36498,21.05065,19.40423,0
"2025-03-18 14:02:10",730,18.1,130,19.36498,21.02268,19.39862,0
"2025-03-18 14:02:11",731,18.1,131,19.35937,20.98912,19.39302,0
"2025-03-18 14:02:12",732,18.1,132,19.35937,20.95555,19.38741,0
"2025-03-18 14:02:13",733,18.1,133,19.35377,20.93318,19.3818,0
"2025-03-18 14:02:14",734,18.1,134,19.34816,20.89961,19.3818,0
"2025-03-18 14:02:15",735,18.1,135,19.34816,20.87724,19.37059,0
"2025-03-18 14:02:16",736,18.1,136,19.33694,20.84367,19.37059,0
"2025-03-18 14:02:17",737,18.1,137,19.33694,20.82129,19.35937,0
"2025-03-18 14:02:18",738,18.1,138,19.33134,20.78771,19.35937,0
"2025-03-18 14:02:19",739,18.1,139,19.32573,20.76533,19.35937,0
"2025-03-18 14:02:20",740,18.1,140,19.32573,20.73736,19.34816,0
"2025-03-18 14:02:21",741,18.1,141,19.31451,20.71497,19.34816,0
"2025-03-18 14:02:22",742,18.1,142,19.31451,20.68699,19.33694,0
"2025-03-18 14:02:23",743,18.1,143,19.30891,20.66461,19.33694,0
"2025-03-18 14:02:24",744,18.1,144,19.3033,20.64222,19.33694,0
"2025-03-18 14:02:25",745,18.1,145,19.3033,20.61983,19.32573,0
"2025-03-18 14:02:26",746,18.1,146,19.29208,20.59185,19.32573,0
"2025-03-18 14:02:27",747,18.1,147,19.29208,20.56946,19.31451,0
"2025-03-18 14:02:28",748,18.1,148,19.28087,20.54707,19.31451,0
"2025-03-18 14:02:29",749,18.1,149,19.28087,20.51908,19.3033,0
"2025-03-18 14:02:30",750,18.1,150,19.27526,20.50789,19.3033,0
"2025-03-18 14:02:31",751,18.1,151,19.26965,20.4799,19.29769,0
"2025-03-18 14:02:32",752,18.1,152,19.26404,20.45751,19.29208,0
"2025-03-18 14:02:33",753,18.1,153,19.26404,20.44071,19.28647,0
"2025-03-18 14:02:34",754,18.1,154,19.25843,20.41832,19.28087,0
"2025-03-18 14:02:35",755,18.1,155,19.25283,20.39593,19.28087,0
"2025-03-18 14:02:36",756,18.1,156,19.24722,20.37353,19.26965,0
"2025-03-18 14:02:37",757,18.1,157,19.24722,20.36233,19.26965,0
"2025-03-18 14:02:38",758,18.1,158,19.236,20.33994,19.26404,0
"2025-03-18 14:02:39",759,18.1,159,19.236,20.31754,19.25843,0
"2025-03-18 14:02:40",760,18.1,160,19.23039,20.30074,19.25283,0
"2025-03-18 14:02:41",761,18.1,161,19.22478,20.27835,19.24722,0
"2025-03-18 14:02:42",762,18.1,162,19.22478,20.26155,19.24722,0
"2025-03-18 14:02:43",763,18.1,163,19.21357,20.24475,19.236,0
"2025-03-18 14:02:44",764,18.1,164,19.21357,20.22795,19.236,0
"2025-03-18 14:02:45",765,18.1,165,19.20796,20.20555,19.22478,0
"2025-03-18 14:02:46",766,18.1,166,19.20235,20.19435,19.22478,0
"2025-03-18 14:02:47",767,18.1,167,19.20235,20.17194,19.22478,0
"2025-03-18 14:02:48",768,18.1,168,19.19113,20.16074,19.21357,0
"2025-03-18 14:02:49",769,18.1,169,19.19113,20.14394,19.21357,0
"2025-03-18 14:02:50",770,18.1,170,19.17992,20.12714,19.20235,0
"2025-03-18 14:02:51",771,18.1,171,19.17992,20.11034,19.20235,0
"2025-03-18 14:02:52",772,18.1,172,19.17992,20.09353,19.20235,0
"2025-03-18 14:02:53",773,18.1,173,19.17431,20.08233,19.19113,0
"2025-03-18 14:02:54",774,18.1,174,19.1687,20.05992,19.19113,0
"2025-03-18 14:02:55",775,18.1,175,19.16309,20.04872,19.17992,0
"2025-03-18 14:02:56",776,18.1,176,19.15748,20.03752,19.17992,0
"2025-03-18 14:02:57",777,18.1,177,19.15187,20.01511,19.1687,0
"2025-03-18 14:02:58",778,18.1,178,19.14626,20.00391,19.1687,0
"2025-03-18 14:02:59",779,18.1,179,19.14626,19.9927,19.1687,0
"2025-03-18 14:03:00",780,18.1,180,19.14065,19.9759,19.15748,0
"2025-03-18 14:03:01",781,18.1,181,19.13504,19.95909,19.15748,0
"2025-03-18 14:03:02",782,18.1,182,19.13504,19.94789,19.15187,0
"2025-03-18 14:03:03",783,18.1,183,19.13504,19.93668,19.14626,0
"2025-03-18 14:03:04",784,18.1,184,19.12383,19.91987,19.14626,0
"2025-03-18 14:03:05",785,18.1,185,19.12383,19.90867,19.13504,0
"2025-03-18 14:03:06",786,18.1,186,19.11261,19.89186,19.13504,0
"2025-03-18 14:03:07",787,18.1,187,19.11261,19.88065,19.13504,0
"2025-03-18 14:03:08",788,18.1,188,19.107,19.86945,19.12383,0
"2025-03-18 14:03:09",789,18.1,189,19.10139,19.85824,19.12383,0
"2025-03-18 14:03:10",790,18.1,190,19.10139,19.84143,19.11822,0
"2025-03-18 14:03:11",791,18.1,191,19.09578,19.83022,19.11261,0
"2025-03-18 14:03:12",792,18.1,192,19.09017,19.81902,19.11261,0
"2025-03-18 14:03:13",793,18.1,193,19.09017,19.80781,19.107,0
"2025-03-18 14:03:14",794,18.1,194,19.08456,19.791,19.10139,0
"2025-03-18 14:03:15",795,18.1,195,19.07895,19.77979,19.09578,0
"2025-03-18 14:03:16",796,18.1,196,19.07334,19.76859,19.09017,0
"2025-03-18 14:03:17",797,18.1,197,19.06773,19.75738,19.09017,0
"2025-03-18 14:03:18",798,18.1,198,19.06773,19.74617,19.07895,0
"2025-03-18 14:03:19",799,18.1,199,19.06212,19.73496,19.07895,0
"2025-03-18 14:03:20",800,18.1,200,19.05651,19.72936,19.07895,0
"2025-03-18 14:03:21",801,18.1,201,19.05651,19.71254,19.07334,0
"2025-03-18 14:03:22",802,18.1,202,19.0509,19.70133,19.06773,0
"2025-03-18 14:03:23",803,18.1,203,19.04529,19.69573,19.06773,0
"2025-03-18 14:03:24",804,18.1,204,19.03968,19.67892,19.06212,0
"2025-03-18 14:03:25",805,18.1,205,19.03968,19.67331,19.05651,0
"2025-03-18 14:03:26",806,18.1,206,19.03407,19.6565,19.05651,0
"2025-03-18 14:03:27",807,18.1,207,19.03407,19.65089,19.04529,0
"2025-03-18 14:03:28",808,18.1,208,19.02846,19.63968,19.04529,0
"2025-03-18 14:03:29",809,18.1,209,19.02285,19.63408,19.03968,0
"2025-03-18 14:03:30",810,18.1,210,19.02285,19.62287,19.03407,0
"2025-03-18 14:03:31",811,18.1,211,19.01724,19.61166,19.03407,0
"2025-03-18 14:03:32",812,18.1,212,19.01163,19.60045,19.03407,0
"2025-03-18 14:03:33",813,18.1,213,19.01163,19.58924,19.02285,0
"2025-03-18 14:03:34",814,18.1,214,19.00041,19.57803,19.02285,0
"2025-03-18 14:03:35",815,18.1,215,19.00041,19.57803,19.02285,0
"2025-03-18 14:03:36",816,18.1,216,19.00041,19.56121,19.01724,0
"2025-03-18 14:03:37",817,18.1,217,18.98919,19.5556,19.01163,0
"2025-03-18 14:03:38",818,18.1,218,18.98919,19.54439,19.01163,0
"2025-03-18 14:03:39",819,18.1,219,18.98919,19.53318,19.00041,0
"2025-03-18 14:03:40",820,18.1,220,18.98358,19.52757,19.00041,0
"2025-03-18 14:03:41",821,18.1,221,18.97797,19.51636,19.00041,0
"2025-03-18 14:03:42",822,18.1,222,18.97797,19.51075,18.98919,0
"2025-03-18 14:03:43",823,18.1,223,18.97235,19.49954,18.98919,0
"2025-03-18 14:03:44",824,18.1,224,18.96675,19.49394,18.98919,0
"2025-03-18 14:03:45",825,18.1,225,18.96114,19.48833,18.98358,0
"2025-03-18 14:03:46",826,18.1,226,18.96114,19.47712,18.97797,0
"2025-03-18 14:03:47",827,18.1,227,18.95552,19.46591,18.97797,0
"2025-03-18 14:03:48",828,18.1,228,18.95552,19.4603,18.97235,0
"2025-03-18 14:03:49",829,18.1,229,18.94991,19.44909,18.96675,0
"2025-03-18 14:03:50",830,18.1,230,18.9443,19.44348,18.96675,0
"2025-03-18 14:03:51",831,18.1,231,18.9443,19.43787,18.96114,0
"2025-03-18 14:03:52",832,18.1,232,18.93869,19.42666,18.95552,0
"2025-03-18 14:03:53",833,18.1,233,18.93869,19.42105,18.95552,0
"2025-03-18 14:03:54",834,18.1,234,18.93308,19.41545,18.94991,0
"2025-03-18 14:03:55",835,18.1,235,18.92747,19.40423,18.9443,0
"2025-03-18 14:03:56",836,18.1,236,18.92186,19.39302,18.9443,0
"2025-03-18 14:03:57",837,18.1,237,18.92186,19.38741,18.93869,0
"2025-03-18 14:03:58",838,18.1,238,18.92186,19.3818,18.93308,0
"2025-03-18 14:03:59",839,18.1,239,18.91625,19.3762,18.93308,0
"2025-03-18 14:04:00",840,18.1,240,18.91625,19.36498,18.93308,0
"2025-03-18 14:04:01",841,18.1,241,18.91064,19.35937,18.92186,0
"2025-03-18 14:04:02",842,18.1,242,18.90502,19.35377,18.92186,0
"2025-03-18 14:04:03",843,18.1,243,18.89941,19.34255,18.92186,0
"2025-03-18 14:04:04",844,18.1,244,18.89941,19.33694,18.91625,0
"2025-03-18 14:04:05",845,18.1,245,18.8938,19.33134,18.91064,0
"2025-03-18 14:04:06",846,18.1,246,18.8938,19.32012,18.91064,0
"2025-03-18 14:04:07",847,18.1,247,18.88819,19.32012,18.91064,0
"2025-03-18 14:04:08",848,18.1,248,18.88819,19.30891,18.89941,0
"2025-03-18 14:04:09",849,18.1,249,18.88819,19.30891,18.89941,0
"2025-03-18 14:04:10",850,18.1,250,18.87697,19.29769,18.89941,0
"2025-03-18 14:04:11",851,18.1,251,18.87697,19.29208,18.8938,0
"2025-03-18 14:04:12",852,18.1,252,18.87697,19.28647,18.8938,0
"2025-03-18 14:04:13",853,18.1,253,18.87136,19.27526,18.88819,0
"2025-03-18 14:04:14",854,18.1,254,18.86574,19.27526,18.88819,0
"2025-03-18 14:04:15",855,18.1,255,18.86574,19.26404,18.88258,0
"2025-03-18 14:04:16",856,18.1,256,18.86574,19.25843,18.87697,0
"2025-03-18 14:04:17",857,18.1,257,18.86574,19.25283,18.87697,0
"2025-03-18 14:04:18",858,18.1,258,18.85452,19.24722,18.87697,0
"2025-03-18 14:04:19",859,18.1,259,18.85452,19.24161,18.86574,0
"2025-03-18 14:04:20",860,18.1,260,18.85452,19.24161,18.86574,0
"2025-03-18 14:04:21",861,18.1,261,18.84891,19.23039,18.86574,0
"2025-03-18 14:04:22",862,18.1,262,18.8433,19.21918,18.86574,0
"2025-03-18 14:04:23",863,18.1,263,18.8433,19.21918,18.86013,0
"2025-03-18 14:04:24",864,18.1,264,18.8433,19.20796,18.85452,0
"2025-03-18 14:04:25",865,18.1,265,18.83208,19.20796,18.85452,0
"2025-03-18 14:04:26",866,18.1,266,18.83208,19.19674,18.85452,0
"2025-03-18 14:04:27",867,18.1,267,18.83208,19.19674,18.8433,0
"2025-03-18 14:04:28",868,18.1,268,18.83208,19.18552,18.8433,0
"2025-03-18 14:04:29",869,18.1,269,18.82646,19.18552,18.8433,0
"2025-03-18 14:04:30",870,18.1,270,18.82085,19.17992,18.83769,0
"2025-03-18 14:04:31",871,18.1,271,18.82085,19.17431,18.83208,0
"2025-03-18 14:04:32",872,18.1,272,18.82085,19.1687,18.83208,0
"2025-03-18 14:04:33",873,18.1,273,18.80963,19.15748,18.83208,0
"2025-03-18 14:04:34",874,18.1,274,18.80963,19.15748,18.83208,0
"2025-03-18 14:04:35",875,18.1,275,18.80963,19.15187,18.82085,0
"2025-03-18 14:04:36",876,18.1,276,18.80963,19.14626,18.82085,0
"2025-03-18 14:04:37",877,18.1,277,18.80402,19.14065,18.82085,0
"2025-03-18 14:04:38",878,18.1,278,18.7984,19.13504,18.82085,0
"2025-03-18 14:04:39",879,18.1,279,18.7984,19.12943,18.82085,0
"2025-03-18 14:04:40",880,18.1,280,18.7984,19.12383,18.80963,0
"2025-03-18 14:04:41",881,18.1,281,18.79279,19.11822,18.80963,0
"2025-03-18 14:04:42",882,18.1,282,18.78718,19.11261,18.80963,0
"2025-03-18 14:04:43",883,18.1,283,18.78718,19.107,18.7984,0
"2025-03-18 14:04:44",884,18.1,284,18.78157,19.107,18.7984,0
"2025-03-18 14:04:45",885,18.1,285,18.78157,19.09578,18.7984,0
"2025-03-18 14:04:46",886,18.1,286,18.77596,19.09578,18.7984,0
"2025-03-18 14:04:47",887,18.1,287,18.77596,19.09017,18.79279,0
"2025-03-18 14:04:48",888,18.1,288,18.77034,19.08456,18.79279,0
"2025-03-18 14:04:49",889,18.1,289,18.77596,19.07895,18.78718,0
"2025-03-18 14:04:50",890,18.1,290,18.77034,19.07334,18.78718,0
"2025-03-18 14:04:51",891,18.1,291,18.76473,19.07334,18.78718,0
"2025-03-18 14:04:52",892,18.1,292,18.76473,19.06773,18.78157,0
"2025-03-18 14:04:53",893,18.1,293,18.76473,19.06212,18.77596,0
"2025-03-18 14:04:54",894,18.1,294,18.75912,19.05651,18.77596,0
"2025-03-18 14:04:55",895,18.1,295,18.75912,19.0509,18.77034,0
"2025-03-18 14:04:56",896,18.1,296,18.75351,19.04529,18.77034,0
"2025-03-18 14:04:57",897,18.1,297,18.75351,19.03968,18.76473,0
"2025-03-18 14:04:58",898,18.1,298,18.75351,19.03968,18.76473,0
"2025-03-18 14:04:59",899,18.1,299,18.74789,19.03968,18.76473,0
"2025-03-18 16:00:00",900,18.12,0,17.9888,18.00566,18.00004,0
"2025-03-18 16:00:01",901,18.12,1,17.9888,18.00004,18.00004,0
"2025-03-18 16:00:02",902,18.12,2,17.9888,18.00566,18.00566,0
"2025-03-18 16:00:03",903,18.12,3,17.9888,18.00566,18.00566,0
"2025-03-18 16:00:04",904,18.12,4,17.9888,18.00566,18.00004,0
"2025-03-18 16:00:05",905,18.12,5,17.9888,18.00566,18.00004,0
"2025-03-18 16:00:06",906,18.12,6,17.9888,18.00566,18.00004,0
"2025-03-18 16:00:07",907,18.12,7,17.9888,18.00566,18.00004,0
"2025-03-18 16:00:08",908,18.12,8,17.9888,22.65855,18.00566,303.2
"2025-03-18 16:00:09",909,18.12,9,17.9888,28.15417,18.00004,303.2
"2025-03-18 16:00:10",910,18.12,10,17.9888,32.65481,18.00004,302.5
"2025-03-18 16:00:11",911,18.12,11,17.9888,36.47546,18.00566,301.8
"2025-03-18 16:00:12",912,18.12,12,17.9888,39.7962,18.00566,301.8
"2025-03-18 16:00:13",913,18.12,13,17.9888,42.73808,18.00566,301.8
"2025-03-18 16:00:14",914,18.12,14,17.9888,45.36716,18.00566,301.8
"2025-03-18 16:00:15",915,18.12,15,17.9888,47.75977,18.00004,301.1
"2025-03-18 16:00:16",916,18.12,16,17.9888,49.93505,18.00004,300.4
"2025-03-18 16:00:17",917,18.12,17,17.9888,51.95921,18.00566,300.4
"2025-03-18 16:00:18",918,18.12,18,17.9888,53.81757,18.00566,300.4
"2025-03-18 16:00:19",919,18.12,19,17.99442,55.54337,18.00566,300.4
"2025-03-18 16:00:20",920,18.12,20,18.00004,57.20129,18.0169,300.4
"2025-03-18 16:00:21",921,18.12,21,18.00004,58.76004,18.0169,300.1
"2025-03-18 16:00:22",922,18.12,22,18.00566,60.22026,18.02813,299.1
"2025-03-18 16:00:23",923,18.12,23,18.01127,57.67883,18.03375,0
"2025-03-18 16:00:24",924,18.12,24,18.02251,54.07351,18.0506,0
"2025-03-18 16:00:25",925,18.12,25,18.03375,51.20484,18.06184,0
"2025-03-18 16:00:26",926,18.1,26,18.01787,48.76595,18.05158,0
"2025-03-18 16:00:27",927,18.12,27,18.06746,46.75847,18.10117,0
"2025-03-18 16:00:28",928,18.12,28,18.0787,44.97839,18.12364,0
"2025-03-18 16:00:29",929,18.12,29,18.10117,43.40935,18.14611,0
"2025-03-18 16:00:30",930,18.12,30,18.13487,42.01192,18.1742,0
"2025-03-18 16:00:31",931,18.12,31,18.15734,40.75832,18.2079,0
"2025-03-18 16:00:32",932,18.12,32,18.19105,39.61667,18.23599,0
"2025-03-18 16:00:33",933,18.12,33,18.21352,38.58756,18.2753,0
"2025-03-18 16:00:34",934,18.12,34,18.25845,37.6442,18.31462,0
"2025-03-18 16:00:35",935,18.12,35,18.28654,36.78149,18.35393,0
"2025-03-18 16:00:36",936,18.12,36,18.32585,35.98332,18.39885,0
"2025-03-18 16:00:37",937,18.12,37,18.36516,35.24994,18.43816,0
"2025-03-18 16:00:38",938,18.12,38,18.40447,34.57605,18.47185,0
"2025-03-18 16:00:39",939,18.12,39,18.43816,33.9399,18.51677,0
"2025-03-18 16:00:40",940,18.12,40,18.47746,33.34708,18.55607,0
"2025-03-18 16:00:41",941,18.12,41,18.51677,32.79772,18.60098,0
"2025-03-18 16:00:42",942,18.12,42,18.55607,32.2864,18.64589,0
"2025-03-18 16:00:43",943,18.12,43,18.60098,31.80773,18.68518,0
"2025-03-18 16:00:44",944,18.12,44,18.63466,31.34523,18.72447,0
"2025-03-18 16:00:45",945,18.12,45,18.67957,30.921,18.76376,0
"2025-03-18 16:00:46",946,18.12,46,18.71324,30.51856,18.80304,0
"2025-03-18 16:00:47",947,18.12,47,18.75814,30.13243,18.84232,0
"2025-03-18 16:00:48",948,18.12,48,18.79182,29.77368,18.88161,0
"2025-03-18 16:00:49",949,18.12,49,18.82549,29.43131,18.91527,0
"2025-03-18 16:00:50",950,18.12,50,18.85916,29.10535,18.94894,0
"2025-03-18 16:00:51",951,18.12,51,18.89283,28.80134,18.98821,0
"2025-03-18 16:00:52",952,18.12,52,18.92649,28.50826,19.01065,0
"2025-03-18 16:00:53",953,18.12,53,18.95455,28.22611,19.04992,0
"2025-03-18 16:00:54",954,18.12,54,18.9826,27.96599,19.07237,0
"2025-03-18 16:00:55",955,18.12,55,19.01626,27.71131,19.10602,0
"2025-03-18 16:00:56",956,18.12,56,19.04992,27.46761,19.13407,0
"2025-03-18 16:00:57",957,18.12,57,19.06676,27.24044,19.15651,0
"2025-03-18 16:00:58",958,18.12,58,19.0948,27.01874,19.18455,0
"2025-03-18 16:00:59",959,18.12,59,19.12285,26.79697,19.20699,0
"2025-03-18 16:01:00",960,18.12,60,19.13968,26.60286,19.22942,0
"2025-03-18 16:01:01",961,18.12,61,19.16212,26.40315,19.25185,0
"2025-03-18 16:01:02",962,18.12,62,19.18455,26.22002,19.27429,0
"2025-03-18 16:01:03",963,18.12,63,19.20699,26.03685,19.2855,0
"2025-03-18 16:01:04",964,18.12,64,19.22942,25.86473,19.30793,0
"2025-03-18 16:01:05",965,18.12,65,19.24064,25.69812,19.31915,0
"2025-03-18 16:01:06",966,18.12,66,19.26307,25.53702,19.34158,0
"2025-03-18 16:01:07",967,18.12,67,19.27429,25.38145,19.35279,0
"2025-03-18 16:01:08",968,18.12,68,19.29672,25.23695,19.36962,0
"2025-03-18 16:01:09",969,18.12,69,19.30793,25.08686,19.38644,0
"2025-03-18 16:01:10",970,18.12,70,19.31915,24.95342,19.39765,0
"2025-03-18 16:01:11",971,18.12,71,19.33036,24.81996,19.40887,0
"2025-03-18 16:01:12",972,18.12,72,19.34158,24.68647,19.42008,0
"2025-03-18 16:01:13",973,18.12,73,19.35279,24.56408,19.42569,0
"2025-03-18 16:01:14",974,18.12,74,19.36401,24.44166,19.4369,0
"2025-03-18 16:01:15",975,18.12,75,19.37523,24.32479,19.44251,0
"2025-03-18 16:01:16",976,18.12,76,19.38644,24.21347,19.45372,0
"2025-03-18 16:01:17",977,18.12,77,19.39765,24.10212,19.46493,0
"2025-03-18 16:01:18",978,18.12,78,19.40326,23.99633,19.47054,0
"2025-03-18 16:01:19",979,18.12,79,19.40887,23.89609,19.47615,0
"2025-03-18 16:01:20",980,18.12,80,19.42008,23.79583,19.47615,0
"2025-03-18 16:01:21",981,18.12,81,19.42008,23.70114,19.48736,0
"2025-03-18 16:01:22",982,18.12,82,19.43129,23.60642,19.48736,0
"2025-03-18 16:01:23",983,18.12,83,19.4369,23.51169,19.49857,0
"2025-03-18 16:01:24",984,18.12,84,19.44251,23.4281,19.49857,0
"2025-03-18 16:01:25",985,18.12,85,19.44251,23.33892,19.50418,0
"2025-03-18 16:01:26",986,18.12,86,19.44251,23.24974,19.50418,0
"2025-03-18 16:01:27",987,18.12,87,19.45372,23.17169,19.50978,0
"2025-03-18 16:01:28",988,18.12,88,19.45372,23.09362,19.50978,0
"2025-03-18 16:01:29",989,18.12,89,19.45372,23.01556,19.51539,0
"2025-03-18 16:01:30",990,18.12,90,19.46493,22.94305,19.50978,0
"2025-03-18 16:01:31",991,18.12,91,19.46493,22.87055,19.51539,0
"2025-03-18 16:01:32",992,18.12,92,19.46493,22.80361,19.51539,0
"2025-03-18 16:01:33",993,18.12,93,19.46493,22.73109,19.52099,0
"2025-03-18 16:01:34",994,18.12,94,19.46493,22.65855,19.50978,0
"2025-03-18 16:01:35",995,18.12,95,19.46493,22.59159,19.51539,0
"2025-03-18 16:01:36",996,18.12,96,19.46493,22.53579,19.51539,0
"2025-03-18 16:01:37",997,18.12,97,19.46493,22.46882,19.51539,0
"2025-03-18 16:01:38",998,18.12,98,19.46493,22.40742,19.52099,0
"2025-03-18 16:01:39",999,18.12,99,19.46493,22.34602,19.51539,0
"2025-03-18 16:01:40",1000,18.12,100,19.46493,22.2902,19.51539,0
"2025-03-18 16:01:41",1001,18.12,101,19.46493,22.23437,19.50978,0
"2025-03-18 16:01:42",1002,18.12,102,19.46493,22.17853,19.50418,0
"2025-03-18 16:01:43",1003,18.12,103,19.45933,22.12269,19.50978,0
"2025-03-18 16:01:44",1004,18.12,104,19.46493,22.06685,19.50418,0
"2025-03-18 16:01:45",1005,18.12,105,19.46493,22.02217,19.50418,0
"2025-03-18 16:01:46",1006,18.12,106,19.45933,21.96631,19.49857,0
"2025-03-18 16:01:47",1007,18.12,107,19.45372,21.92163,19.49857,0
"2025-03-18 16:01:48",1008,18.12,108,19.45372,21.87695,19.49857,0
"2025-03-18 16:01:49",1009,18.12,109,19.45372,21.82108,19.49297,0
"2025-03-18 16:01:50",1010,18.12,110,19.44811,21.77638,19.49297,0
"2025-03-18 16:01:51",1011,18.12,111,19.44811,21.73169,19.48736,0
"2025-03-18 16:01:52",1012,18.12,112,19.44251,21.68699,19.48175,0
"2025-03-18 16:01:53",1013,18.12,113,19.44251,21.64787,19.47615,0
"2025-03-18 16:01:54",1014,18.12,114,19.44251,21.59758,19.47615,0
"2025-03-18 16:01:55",1015,18.12,115,19.43129,21.56404,19.47615,0
"2025-03-18 16:01:56",1016,18.12,116,19.43129,21.51933,19.46493,0
"2025-03-18 16:01:57",1017,18.12,117,19.43129,21.48579,19.46493,0
"2025-03-18 16:01:58",1018,18.12,118,19.43129,21.44108,19.46493,0
"2025-03-18 16:01:59",1019,18.12,119,19.42008,21.40754,19.45933,0
"2025-03-18 16:02:00",1020,18.12,120,19.42008,21.36282,19.45372,0
"2025-03-18 16:02:01",1021,18.12,121,19.42008,21.32927,19.45372,0
"2025-03-18 16:02:02",1022,18.12,122,19.41447,21.29573,19.44251,0
"2025-03-18 16:02:03",1023,18.12,123,19.40887,21.26218,19.44251,0
"2025-03-18 16:02:04",1024,18.12,124,19.40887,21.22863,19.4369,0
"2025-03-18 16:02:05",1025,18.12,125,19.40326,21.18949,19.43129,0
"2025-03-18 16:02:06",1026,18.12,126,19.39765,21.16153,19.43129,0
"2025-03-18 16:02:07",1027,18.12,127,19.39204,21.12797,19.42569,0
"2025-03-18 16:02:08",1028,18.12,128,19.38644,21.09442,19.42008,0
"2025-03-18 16:02:09",1029,18.12,129,19.38644,21.06086,19.41447,0
"2025-03-18 16:02:10",1030,18.12,130,19.38083,21.0273,19.40887,0
"2025-03-18 16:02:11",1031,18.12,131,19.37523,20.99933,19.40887,0
"2025-03-18 16:02:12",1032,18.12,132,19.37523,20.97136,19.40326,0
"2025-03-18 16:02:13",1033,18.12,133,19.36401,20.9378,19.39765,0
"2025-03-18 16:02:14",1034,18.12,134,19.36401,20.90983,19.39765,0
"2025-03-18 16:02:15",1035,18.12,135,19.36401,20.88186,19.38644,0
"2025-03-18 16:02:16",1036,18.12,136,19.3584,20.85389,19.38644,0
"2025-03-18 16:02:17",1037,18.12,137,19.35279,20.82591,19.37523,0
"2025-03-18 16:02:18",1038,18.12,138,19.34158,20.80353,19.37523,0
"2025-03-18 16:02:19",1039,18.12,139,19.34158,20.77555,19.36401,0
"2025-03-18 16:02:20",1040,18.12,140,19.34158,20.74758,19.36401,0
"2025-03-18 16:02:21",1041,18.12,141,19.33036,20.72519,19.36401,0
"2025-03-18 16:02:22",1042,18.12,142,19.33036,20.70281,19.35279,0
"2025-03-18 16:02:23",1043,18.12,143,19.31915,20.66923,19.34719,0
"2025-03-18 16:02:24",1044,18.12,144,19.31915,20.64684,19.34158,0
"2025-03-18 16:02:25",1045,18.12,145,19.31915,20.62446,19.34158,0
"2025-03-18 16:02:26",1046,18.12,146,19.30793,20.60207,19.33036,0
"2025-03-18 16:02:27",1047,18.12,147,19.30793,20.57968,19.33036,0
"2025-03-18 16:02:28",1048,18.12,148,19.30233,20.55729,19.33036,0
"2025-03-18 16:02:29",1049,18.12,149,19.29672,20.53491,19.31915,0
"2025-03-18 16:02:30",1050,18.12,150,19.29672,20.51252,19.31915,0
"2025-03-18 16:02:31",1051,18.12,151,19.2855,20.49013,19.30793,0
"2025-03-18 16:02:32",1052,18.12,152,19.2855,20.47333,19.30793,0
"2025-03-18 16:02:33",1053,18.12,153,19.27429,20.45094,19.29672,0
"2025-03-18 16:02:34",1054,18.12,154,19.27429,20.42295,19.29672,0
"2025-03-18 16:02:35",1055,18.12,155,19.26868,20.41175,19.29111,0
"2025-03-18 16:02:36",1056,18.12,156,19.26307,20.38936,19.2855,0
"2025-03-18 16:02:37",1057,18.12,157,19.25746,20.36696,19.2855,0
"2025-03-18 16:02:38",1058,18.12,158,19.25185,20.35016,19.27989,0
"2025-03-18 16:02:39",1059,18.12,159,19.25185,20.33337,19.27429,0
"2025-03-18 16:02:40",1060,18.1,160,19.21918,20.28395,19.24722,0
"2025-03-18 16:02:41",1061,18.12,161,19.24064,20.29977,19.26307,0
"2025-03-18 16:02:42",1062,18.12,162,19.24064,20.27737,19.26307,0
"2025-03-18 16:02:43",1063,18.12,163,19.23503,20.25498,19.25185,0
"2025-03-18 16:02:44",1064,18.12,164,19.22942,20.24377,19.25185,0
"2025-03-18 16:02:45",1065,18.12,165,19.2182,20.22137,19.24625,0
"2025-03-18 16:02:46",1066,18.12,166,19.2182,20.20457,19.24064,0
"2025-03-18 16:02:47",1067,18.12,167,19.2182,20.18777,19.24064,0
"2025-03-18 16:02:48",1068,18.12,168,19.2182,20.17657,19.22942,0
"2025-03-18 16:02:49",1069,18.12,169,19.20699,20.15417,19.22942,0
"2025-03-18 16:02:50",1070,18.12,170,19.20699,20.14297,19.22381,0
"2025-03-18 16:02:51",1071,18.12,171,19.19577,20.12057,19.2182,0
"2025-03-18 16:02:52",1072,18.12,172,19.19577,20.10937,19.21259,0
"2025-03-18 16:02:53",1073,18.12,173,19.18455,20.09256,19.20699,0
"2025-03-18 16:02:54",1074,18.12,174,19.18455,20.07576,19.20699,0
"2025-03-18 16:02:55",1075,18.12,175,19.17894,20.06455,19.20138,0
"2025-03-18 16:02:56",1076,18.12,176,19.17894,20.04775,19.19577,0
"2025-03-18 16:02:57",1077,18.12,177,19.17333,20.03094,19.19577,0
"2025-03-18 16:02:58",1078,18.12,178,19.16212,20.01414,19.18455,0
"2025-03-18 16:02:59",1079,18.12,179,19.16212,20.00293,19.18455,0
"2025-03-18 16:03:00",1080,18.12,180,19.16212,19.99173,19.17333,0
"2025-03-18 16:03:01",1081,18.12,181,19.1509,19.97492,19.17333,0
"2025-03-18 16:03:02",1082,18.12,182,19.1509,19.96372,19.16772,0
"2025-03-18 16:03:03",1083,18.12,183,19.1509,19.94131,19.16212,0
"2025-03-18 16:03:04",1084,18.12,184,19.13968,19.93571,19.16212,0
"2025-03-18 16:03:05",1085,18.12,185,19.13968,19.9189,19.15651,0
"2025-03-18 16:03:06",1086,18.12,186,19.12846,19.9077,19.1509,0
"2025-03-18 16:03:07",1087,18.12,187,19.12846,19.89649,19.14529,0
"2025-03-18 16:03:08",1088,18.12,188,19.12846,19.87968,19.13968,0
"2025-03-18 16:03:09",1089,18.12,189,19.11724,19.86847,19.13968,0
"2025-03-18 16:03:10",1090,18.12,190,19.11724,19.85727,19.13968,0
"2025-03-18 16:03:11",1091,18.12,191,19.11163,19.84046,19.12846,0
"2025-03-18 16:03:12",1092,18.12,192,19.10602,19.82925,19.12846,0
"2025-03-18 16:03:13",1093,18.12,193,19.10602,19.81804,19.12285,0
"2025-03-18 16:03:14",1094,18.12,194,19.0948,19.80684,19.11724,0
"2025-03-18 16:03:15",1095,18.12,195,19.0948,19.79563,19.11724,0
"2025-03-18 16:03:16",1096,18.12,196,19.0948,19.78442,19.10602,0
"2025-03-18 16:03:17",1097,18.12,197,19.08358,19.77321,19.10602,0
"2025-03-18 16:03:18",1098,18.12,198,19.08358,19.76201,19.10602,0
"2025-03-18 16:03:19",1099,18.12,199,19.07797,19.7508,19.10041,0
"2025-03-18 16:03:20",1100,18.12,200,19.07797,19.73959,19.0948,0
"2025-03-18 16:03:21",1101,18.12,201,19.07237,19.72838,19.08919,0
"2025-03-18 16:03:22",1102,18.12,202,19.07237,19.71718,19.08358,0
"2025-03-18 16:03:23",1103,18.12,203,19.06676,19.70597,19.08358,0
"2025-03-18 16:03:24",1104,18.12,204,19.06115,19.69476,19.07797,0
"2025-03-18 16:03:25",1105,18.12,205,19.05554,19.68915,19.07237,0
"2025-03-18 16:03:26",1106,18.12,206,19.04992,19.67794,19.07237,0
"2025-03-18 16:03:27",1107,18.1,207,19.02285,19.63408,19.03968,0
"2025-03-18 16:03:28",1108,18.12,208,19.03871,19.66113,19.06115,0
"2025-03-18 16:03:29",1109,18.12,209,19.03871,19.64432,19.06115,0
"2025-03-18 16:03:30",1110,18.12,210,19.03871,19.63871,19.05554,0
"2025-03-18 16:03:31",1111,18.12,211,19.03871,19.6275,19.04992,0
"2025-03-18 16:03:32",1112,18.12,212,19.02749,19.61629,19.04432,0
"2025-03-18 16:03:33",1113,18.12,213,19.02749,19.60508,19.04432,0
"2025-03-18 16:03:34",1114,18.12,214,19.02749,19.59387,19.03871,0
"2025-03-18 16:03:35",1115,18.12,215,19.02188,19.59387,19.03871,0
"2025-03-18 16:03:36",1116,18.12,216,19.01626,19.58266,19.03309,0
"2025-03-18 16:03:37",1117,18.12,217,19.01626,19.57145,19.02749,0
"2025-03-18 16:03:38",1118,18.12,218,19.01065,19.56024,19.02749,0
"2025-03-18 16:03:39",1119,18.12,219,19.00504,19.54902,19.02188,0
"2025-03-18 16:03:40",1120,18.12,220,19.00504,19.54342,19.01626,0
"2025-03-18 16:03:41",1121,18.12,221,18.99382,19.53781,19.01065,0
"2025-03-18 16:03:42",1122,18.12,222,18.99382,19.5266,19.00504,0
"2025-03-18 16:03:43",1123,18.12,223,18.99382,19.52099,19.00504,0
"2025-03-18 16:03:44",1124,18.12,224,18.9826,19.50978,19.00504,0
"2025-03-18 16:03:45",1125,18.1,225,18.95552,19.47712,18.97797,0
"2025-03-18 16:03:46",1126,18.12,226,18.9826,19.49297,18.99943,0
"2025-03-18 16:03:47",1127,18.12,227,18.97138,19.48736,18.99382,0
"2025-03-18 16:03:48",1128,18.12,228,18.97138,19.47615,18.98821,0
"2025-03-18 16:03:49",1129,18.12,229,18.97138,19.47054,18.98821,0
"2025-03-18 16:03:50",1130,18.12,230,18.96016,19.45933,18.9826,0
"2025-03-18 16:03:51",1131,18.12,231,18.96016,19.45372,18.97699,0
"2025-03-18 16:03:52",1132,18.12,232,18.96016,19.44251,18.97699,0
"2025-03-18 16:03:53",1133,18.12,233,18.95455,19.4369,18.97138,0
"2025-03-18 16:03:54",1134,18.12,234,18.94894,19.42569,18.97138,0
"2025-03-18 16:03:55",1135,18.12,235,18.94894,19.42569,18.96577,0
"2025-03-18 16:03:56",1136,18.12,236,18.94894,19.41447,18.96016,0
"2025-03-18 16:03:57",1137,18.12,237,18.93772,19.40326,18.96016,0
"2025-03-18 16:03:58",1138,18.12,238,18.93772,19.40326,18.95455,0
"2025-03-18 16:03:59",1139,18.12,239,18.93772,19.39204,18.94894,0
"2025-03-18 16:04:00",1140,18.12,240,18.93211,19.38083,18.94894,0
"2025-03-18 16:04:01",1141,18.12,241,18.92649,19.38083,18.94894,0
"2025-03-18 16:04:02",1142,18.12,242,18.92649,19.36962,18.94333,0
"2025-03-18 16:04:03",1143,18.12,243,18.92649,19.36401,18.93772,0
"2025-03-18 16:04:04",1144,18.12,244,18.91527,19.3584,18.93772,0
"2025-03-18 16:04:05",1145,18.12,245,18.91527,19.34719,18.92649,0
"2025-03-18 16:04:06",1146,18.12,246,18.91527,19.34158,18.92649,0
"2025-03-18 16:04:07",1147,18.12,247,18.91527,19.33597,18.92649,0
"2025-03-18 16:04:08",1148,18.12,248,18.90405,19.32476,18.92649,0
"2025-03-18 16:04:09",1149,18.12,249,18.90405,19.32476,18.92089,0
"2025-03-18 16:04:10",1150,18.12,250,18.90405,19.31354,18.91527,0
"2025-03-18 16:04:11",1151,18.12,251,18.89283,19.30793,18.91527,0
"2025-03-18 16:04:12",1152,18.12,252,18.89283,19.30233,18.91527,0
"2025-03-18 16:04:13",1153,18.12,253,18.89283,19.29672,18.90966,0
"2025-03-18 16:04:14",1154,18.12,254,18.89283,19.29111,18.90405,0
"2025-03-18 16:04:15",1155,18.12,255,18.88722,19.2855,18.90405,0
"2025-03-18 16:04:16",1156,18.12,256,18.88161,19.27989,18.90405,0
"2025-03-18 16:04:17",1157,18.12,257,18.88161,19.26868,18.89283,0
"2025-03-18 16:04:18",1158,18.12,258,18.88161,19.26868,18.89283,0
"2025-03-18 16:04:19",1159,18.12,259,18.87038,19.25746,18.89283,0
"2025-03-18 16:04:20",1160,18.12,260,18.87038,19.25746,18.88722,0
"2025-03-18 16:04:21",1161,18.12,261,18.87038,19.24625,18.88161,0
"2025-03-18 16:04:22",1162,18.12,262,18.87038,19.24064,18.88161,0
"2025-03-18 16:04:23",1163,18.12,263,18.85916,19.23503,18.88161,0
"2025-03-18 16:04:24",1164,18.12,264,18.85916,19.22942,18.876,0
"2025-03-18 16:04:25",1165,18.12,265,18.85916,19.22381,18.87038,0
"2025-03-18 16:04:26",1166,18.12,266,18.84794,19.2182,18.87038,0
"2025-03-18 16:04:27",1167,18.12,267,18.84794,19.21259,18.86477,0
"2025-03-18 16:04:28",1168,18.12,268,18.84794,19.20699,18.86477,0
"2025-03-18 16:04:29",1169,18.12,269,18.84794,19.20138,18.85916,0
"2025-03-18 16:04:30",1170,18.12,270,18.84794,19.19577,18.85355,0
"2025-03-18 16:04:31",1171,18.12,271,18.84232,19.19016,18.85355,0
"2025-03-18 16:04:32",1172,18.12,272,18.83672,19.19016,18.85355,0
"2025-03-18 16:04:33",1173,18.12,273,18.83672,19.17894,18.85355,0
"2025-03-18 16:04:34",1174,18.12,274,18.83672,19.16772,18.84794,0
"2025-03-18 16:04:35",1175,18.12,275,18.8311,19.16772,18.84794,0
"2025-03-18 16:04:36",1176,18.12,276,18.82549,19.16772,18.84232,0
"2025-03-18 16:04:37",1177,18.1,277,18.7984,19.12943,18.80963,0
"2025-03-18 16:04:38",1178,18.12,278,18.82549,19.15651,18.83672,0
"2025-03-18 16:04:39",1179,18.12,279,18.81427,19.14529,18.83672,0
"2025-03-18 16:04:40",1180,18.12,280,18.81427,19.14529,18.8311,0
"2025-03-18 16:04:41",1181,18.1,281,18.78718,19.107,18.7984,0
"2025-03-18 16:04:42",1182,18.12,282,18.80865,19.13407,18.82549,0
"2025-03-18 16:04:43",1183,18.12,283,18.80304,19.12846,18.82549,0
"2025-03-18 16:04:44",1184,18.12,284,18.80304,19.12285,18.82549,0
"2025-03-18 16:04:45",1185,18.12,285,18.80304,19.12285,18.81427,0
"2025-03-18 16:04:46",1186,18.12,286,18.80304,19.11163,18.81427,0
"2025-03-18 16:04:47",1187,18.12,287,18.79743,19.11163,18.81427,0
"2025-03-18 16:04:48",1188,18.12,288,18.79182,19.10602,18.80865,0
"2025-03-18 16:04:49",1189,18.12,289,18.79182,19.10041,18.80865,0
"2025-03-18 16:04:50",1190,18.12,290,18.79182,19.0948,18.80304,0
"2025-03-18 16:04:51",1191,18.12,291,18.79182,19.08919,18.80304,0
"2025-03-18 16:04:52",1192,18.12,292,18.78621,19.08919,18.80304,0
"2025-03-18 16:04:53",1193,18.12,293,18.78059,19.07797,18.80304,0
"2025-03-18 16:04:54",1194,18.12,294,18.78059,19.07797,18.79743,0
"2025-03-18 16:04:55",1195,18.12,295,18.77498,19.06676,18.79182,0
"2025-03-18 16:04:56",1196,18.12,296,18.77498,19.06676,18.79182,0
"2025-03-18 16:04:57",1197,18.12,297,18.76937,19.06115,18.78621,0
"2025-03-18 16:04:58",1198,18.12,298,18.76937,19.06115,18.78621,0
"2025-03-18 16:04:59",1199,18.12,299,18.76937,19.05554,18.78621,0
"2025-03-18 18:00:00",1200,18.05,0,17.93445,17.94569,17.94569,0
"2025-03-18 18:00:01",1201,18.05,1,17.93445,17.94569,17.94007,0
"2025-03-18 18:00:02",1202,18.05,2,17.93445,17.94569,17.94007,0
"2025-03-18 18:00:03",1203,18.05,3,17.93445,17.94569,17.94569,0
"2025-03-18 18:00:04",1204,18.05,4,17.93445,17.94569,17.94007,0
"2025-03-18 18:00:05",1205,18.05,5,17.92883,17.94569,17.94569,0
"2025-03-18 18:00:06",1206,18.05,6,17.93445,17.94569,17.94007,0
"2025-03-18 18:00:07",1207,18.05,7,17.93445,17.94569,17.94569,0
"2025-03-18 18:00:08",1208,18.05,8,17.93445,22.60459,17.94007,303.1
"2025-03-18 18:00:09",1209,18.05,9,17.92883,28.11172,17.94569,303.1
"2025-03-18 18:00:10",1210,18.05,10,17.93445,32.61264,17.94007,303.1
"2025-03-18 18:00:11",1211,18.05,11,17.92883,36.43352,17.94007,301.8
"2025-03-18 18:00:12",1212,18.05,12,17.92883,39.76534,17.94007,301.8
"2025-03-18 18:00:13",1213,18.05,13,17.93445,42.70735,17.94007,301.8
"2025-03-18 18:00:14",1214,18.05,14,17.92883,45.34198,17.94569,301.8
"2025-03-18 18:00:15",1215,18.05,15,17.93445,47.73467,17.94569,301.4
"2025-03-18 18:00:16",1216,18.05,16,17.93445,49.92612,17.94569,300.4
"2025-03-18 18:00:17",1217,18.05,17,17.93445,51.91822,17.94569,300.4
"2025-03-18 18:00:18",1218,18.05,18,17.93445,53.77669,17.95131,300.4
"2025-03-18 18:00:19",1219,18.05,19,17.93445,55.53451,17.95131,300.4
"2025-03-18 18:00:20",1220,18.05,20,17.94007,57.17653,17.95693,300.4
"2025-03-18 18:00:21",1221,18.05,21,17.94569,58.71944,17.96255,300.4
"2025-03-18 18:00:22",1222,18.05,22,17.95131,60.21147,17.96817,299.7
"2025-03-18 18:00:23",1223,18.05,23,17.95693,57.63816,17.97379,0
"2025-03-18 18:00:24",1224,18.05,24,17.96817,54.04864,17.99626,0
"2025-03-18 18:00:25",1225,18.05,25,17.9794,51.16381,18.0075,0
"2025-03-18 18:00:26",1226,18.05,26,17.99064,48.75068,18.01874,0
"2025-03-18 18:00:27",1227,18.05,27,18.01312,46.71717,18.04121,0
"2025-03-18 18:00:28",1228,18.05,28,18.02997,44.93699,18.06368,0
"2025-03-18 18:00:29",1229,18.05,29,18.05245,43.35702,18.09177,0
"2025-03-18 18:00:30",1230,18.05,30,18.0693,41.95948,18.11986,0
"2025-03-18 18:00:31",1231,18.05,31,18.10301,40.70578,18.15357,0
"2025-03-18 18:00:32",1232,18.05,32,18.1311,39.56404,18.18727,0
"2025-03-18 18:00:33",1233,18.05,33,18.15919,38.53485,18.22098,0
"2025-03-18 18:00:34",1234,18.05,34,18.19289,37.59142,18.25468,0
"2025-03-18 18:00:35",1235,18.05,35,18.22659,36.73411,18.29961,0
"2025-03-18 18:00:36",1236,18.05,36,18.27153,35.93589,18.33892,0
"2025-03-18 18:00:37",1237,18.05,37,18.31084,35.20245,18.37823,0
"2025-03-18 18:00:38",1238,18.05,38,18.34454,34.52303,18.41754,0
"2025-03-18 18:00:39",1239,18.05,39,18.38385,33.88683,18.45685,0
"2025-03-18 18:00:40",1240,18.05,40,18.42315,33.29947,18.49615,0
"2025-03-18 18:00:41",1241,18.05,41,18.46246,32.75006,18.54107,0
"2025-03-18 18:00:42",1242,18.05,42,18.50176,32.23871,18.58598,0
"2025-03-18 18:00:43",1243,18.05,43,18.54107,31.74898,18.63089,0
"2025-03-18 18:00:44",1244,18.05,44,18.58036,31.29196,18.66457,0
"2025-03-18 18:00:45",1245,18.05,45,18.62527,30.8732,18.70947,0
"2025-03-18 18:00:46",1246,18.05,46,18.65895,30.46522,18.74876,0
"2025-03-18 18:00:47",1247,18.05,47,18.69263,30.07906,18.78243,0
"2025-03-18 18:00:48",1248,18.05,48,18.73753,29.72581,18.82172,0
"2025-03-18 18:00:49",1249,18.05,49,18.77121,29.37789,18.85539,0
"2025-03-18 18:00:50",1250,18.05,50,18.80488,29.05743,18.89467,0
"2025-03-18 18:00:51",1251,18.05,51,18.83855,28.7534,18.92834,0
"2025-03-18 18:00:52",1252,18.05,52,18.87222,28.45476,18.95639,0
"2025-03-18 18:00:53",1253,18.05,53,18.90028,28.17259,18.99006,0
"2025-03-18 18:00:54",1254,18.05,54,18.92834,27.90692,19.02372,0
"2025-03-18 18:00:55",1255,18.05,55,18.962,27.65775,19.04615,0
"2025-03-18 18:00:56",1256,18.05,56,18.98444,27.41402,19.0742,0
"2025-03-18 18:00:57",1257,18.05,57,19.0181,27.1813,19.10786,0
"2025-03-18 18:00:58",1258,18.05,58,19.04055,26.95958,19.1303,0
"2025-03-18 18:00:59",1259,18.05,59,19.06298,26.74888,19.15273,0
"2025-03-18 18:01:00",1260,18.05,60,19.08542,26.54366,19.16957,0
"2025-03-18 18:01:01",1261,18.05,61,19.10786,26.34948,19.192,0
"2025-03-18 18:01:02",1262,18.05,62,19.1303,26.16634,19.21443,0
"2025-03-18 18:01:03",1263,18.05,63,19.15273,25.98315,19.23126,0
"2025-03-18 18:01:04",1264,18.05,64,19.16957,25.81101,19.24808,0
"2025-03-18 18:01:05",1265,18.05,65,19.192,25.64439,19.27052,0
"2025-03-18 18:01:06",1266,18.05,66,19.20882,25.47773,19.28173,0
"2025-03-18 18:01:07",1267,18.05,67,19.22004,25.32214,19.29856,0
"2025-03-18 18:01:08",1268,18.05,68,19.24248,25.17763,19.30977,0
"2025-03-18 18:01:09",1269,18.05,69,19.25369,25.03309,19.3266,0
"2025-03-18 18:01:10",1270,18.05,70,19.26491,24.89408,19.34342,0
"2025-03-18 18:01:11",1271,18.05,71,19.27612,24.76617,19.35463,0
"2025-03-18 18:01:12",1272,18.05,72,19.28734,24.63266,19.36585,0
"2025-03-18 18:01:13",1273,18.05,73,19.29856,24.51026,19.37706,0
"2025-03-18 18:01:14",1274,18.05,74,19.30977,24.38784,19.38267,0
"2025-03-18 18:01:15",1275,18.05,75,19.32099,24.27652,19.38828,0
"2025-03-18 18:01:16",1276,18.05,76,19.3322,24.15962,19.39949,0
"2025-03-18 18:01:17",1277,18.05,77,19.34342,24.04827,19.4051,0
"2025-03-18 18:01:18",1278,18.05,78,19.34342,23.94247,19.41071,0
"2025-03-18 18:01:19",1279,18.05,79,19.35463,23.84222,19.42192,0
"2025-03-18 18:01:20",1280,18.05,80,19.36585,23.74196,19.42192,0
"2025-03-18 18:01:21",1281,18.05,81,19.36585,23.64168,19.43313,0
"2025-03-18 18:01:22",1282,18.05,82,19.37706,23.54696,19.43313,0
"2025-03-18 18:01:23",1283,18.05,83,19.37706,23.45222,19.43874,0
"2025-03-18 18:01:24",1284,18.05,84,19.38828,23.36862,19.44435,0
"2025-03-18 18:01:25",1285,18.05,85,19.38828,23.27944,19.44435,0
"2025-03-18 18:01:26",1286,18.05,86,19.38828,23.19581,19.44995,0
"2025-03-18 18:01:27",1287,18.05,87,19.39949,23.11776,19.45556,0
"2025-03-18 18:01:28",1288,18.05,88,19.39949,23.03969,19.45556,0
"2025-03-18 18:01:29",1289,18.05,89,19.39949,22.96162,19.46116,0
"2025-03-18 18:01:30",1290,18.05,90,19.39949,22.88353,19.46116,0
"2025-03-18 18:01:31",1291,18.05,91,19.41071,22.81102,19.46116,0
"2025-03-18 18:01:32",1292,18.05,92,19.41071,22.73849,19.46116,0
"2025-03-18 18:01:33",1293,18.05,93,19.41071,22.67154,19.45556,0
"2025-03-18 18:01:34",1294,18.05,94,19.41071,22.60459,19.45556,0
"2025-03-18 18:01:35",1295,18.05,95,19.41071,22.53762,19.46116,0
"2025-03-18 18:01:36",1296,18.05,96,19.41071,22.47065,19.46116,0
"2025-03-18 18:01:37",1297,18.05,97,19.41071,22.40925,19.46116,0
"2025-03-18 18:01:38",1298,18.05,98,19.41071,22.34785,19.45556,0
"2025-03-18 18:01:39",1299,18.05,99,19.41071,22.29202,19.46116,0
"2025-03-18 18:01:40",1300,18.05,100,19.41071,22.2362,19.45556,0
"2025-03-18 18:01:41",1301,18.05,101,19.41071,22.17478,19.45556,0
"2025-03-18 18:01:42",1302,18.05,102,19.41071,22.12452,19.45556,0
"2025-03-18 18:01:43",1303,18.05,103,19.41071,22.06868,19.45556,0
"2025-03-18 18:01:44",1304,18.05,104,19.41071,22.01283,19.44995,0
"2025-03-18 18:01:45",1305,18.05,105,19.39949,21.96815,19.44435,0
"2025-03-18 18:01:46",1306,18.05,106,19.4051,21.91229,19.44435,0
"2025-03-18 18:01:47",1307,18.05,107,19.39949,21.86202,19.44435,0
"2025-03-18 18:01:48",1308,18.05,108,19.39949,21.81174,19.43874,0
"2025-03-18 18:01:49",1309,18.05,109,19.39388,21.76704,19.43313,0
"2025-03-18 18:01:50",1310,18.05,110,19.39388,21.72234,19.43313,0
"2025-03-18 18:01:51",1311,18.05,111,19.38828,21.67764,19.43313,0
"2025-03-18 18:01:52",1312,18.05,112,19.38828,21.63294,19.42752,0
"2025-03-18 18:01:53",1313,18.05,113,19.38828,21.58823,19.42192,0
"2025-03-18 18:01:54",1314,18.05,114,19.38267,21.54352,19.42192,0
"2025-03-18 18:01:55",1315,18.05,115,19.38267,21.5044,19.41631,0
"2025-03-18 18:01:56",1316,18.05,116,19.37706,21.46527,19.41631,0
"2025-03-18 18:01:57",1317,18.05,117,19.37706,21.42055,19.41071,0
"2025-03-18 18:01:58",1318,18.05,118,19.37146,21.38701,19.4051,0
"2025-03-18 18:01:59",1319,18.05,119,19.36585,21.34229,19.4051,0
"2025-03-18 18:02:00",1320,18.05,120,19.36585,21.30874,19.39949,0
"2025-03-18 18:02:01",1321,18.05,121,19.36585,21.27519,19.39388,0
"2025-03-18 18:02:02",1322,18.05,122,19.35463,21.24165,19.38828,0
"2025-03-18 18:02:03",1323,18.05,123,19.35463,21.2081,19.38828,0
"2025-03-18 18:02:04",1324,18.05,124,19.34342,21.16336,19.38267,0
"2025-03-18 18:02:05",1325,18.05,125,19.34342,21.1354,19.37706,0
"2025-03-18 18:02:06",1326,18.05,126,19.34342,21.10184,19.37146,0
"2025-03-18 18:02:07",1327,18.05,127,19.33781,21.06829,19.36585,0
"2025-03-18 18:02:08",1328,18.05,128,19.3322,21.04032,19.36585,0
"2025-03-18 18:02:09",1329,18.05,129,19.3322,21.00676,19.36024,0
"2025-03-18 18:02:10",1330,18.05,130,19.32099,20.9732,19.35463,0
"2025-03-18 18:02:11",1331,18.05,131,19.32099,20.95082,19.35463,0
"2025-03-18 18:02:12",1332,18.05,132,19.32099,20.91726,19.34342,0
"2025-03-18 18:02:13",1333,18.05,133,19.30977,20.88369,19.34342,0
"2025-03-18 18:02:14",1334,18.05,134,19.30977,20.86131,19.33781,0
"2025-03-18 18:02:15",1335,18.05,135,19.30416,20.82774,19.3266,0
"2025-03-18 18:02:16",1336,18.05,136,19.29856,20.79977,19.3266,0
"2025-03-18 18:02:17",1337,18.05,137,19.29856,20.77179,19.3266,0
"2025-03-18 18:02:18",1338,18.05,138,19.28734,20.74941,19.31538,0
"2025-03-18 18:02:19",1339,18.05,139,19.28734,20.71584,19.31538,0
"2025-03-18 18:02:20",1340,18.05,140,19.28173,20.69345,19.30977,0
"2025-03-18 18:02:21",1341,18.05,141,19.27612,20.67107,19.30416,0
"2025-03-18 18:02:22",1342,18.05,142,19.27612,20.64868,19.29856,0
"2025-03-18 18:02:23",1343,18.05,143,19.27052,20.6151,19.29295,0
"2025-03-18 18:02:24",1344,18.05,144,19.26491,20.59271,19.28734,0
"2025-03-18 18:02:25",1345,18.05,145,19.2593,20.57033,19.28734,0
"2025-03-18 18:02:26",1346,18.05,146,19.25369,20.54794,19.28173,0
"2025-03-18 18:02:27",1347,18.05,147,19.25369,20.52555,19.27612,0
"2025-03-18 18:02:28",1348,18.05,148,19.24248,20.50315,19.27052,0
"2025-03-18 18:02:29",1349,18.05,149,19.24248,20.48076,19.26491,0
"2025-03-18 18:02:30",1350,18.05,150,19.23126,20.45837,19.2593,0
"2025-03-18 18:02:31",1351,18.05,151,19.23126,20.43598,19.25369,0
"2025-03-18 18:02:32",1352,18.05,152,19.22565,20.41359,19.25369,0
"2025-03-18 18:02:33",1353,18.05,153,19.22004,20.39119,19.24808,0
"2025-03-18 18:02:34",1354,18.05,154,19.22004,20.3688,19.24248,0
"2025-03-18 18:02:35",1355,18.05,155,19.20882,20.352,19.24248,0
"2025-03-18 18:02:36",1356,18.05,156,19.20882,20.3352,19.23126,0
"2025-03-18 18:02:37",1357,18.05,157,19.20882,20.31281,19.23126,0
"2025-03-18 18:02:38",1358,18.05,158,19.19761,20.29041,19.22565,0
"2025-03-18 18:02:39",1359,18.05,159,19.19761,20.27921,19.22004,0
"2025-03-18 18:02:40",1360,18.05,160,19.18639,20.25681,19.21443,0
"2025-03-18 18:02:41",1361,18.05,161,19.18639,20.23441,19.20882,0
"2025-03-18 18:02:42",1362,18.05,162,19.18639,20.22321,19.20322,0
"2025-03-18 18:02:43",1363,18.05,163,19.17517,20.20081,19.19761,0
"2025-03-18 18:02:44",1364,18.05,164,19.17517,20.18961,19.19761,0
"2025-03-18 18:02:45",1365,18.05,165,19.16396,20.16721,19.18639,0
"2025-03-18 18:02:46",1366,18.05,166,19.16396,20.15041,19.18639,0
"2025-03-18 18:02:47",1367,18.05,167,19.15834,20.1336,19.17517,0
"2025-03-18 18:02:48",1368,18.05,168,19.15273,20.1112,19.17517,0
"2025-03-18 18:02:49",1369,18.05,169,19.15273,20.1,19.17517,0
"2025-03-18 18:02:50",1370,18.05,170,19.14152,20.08879,19.16396,0
"2025-03-18 18:02:51",1371,18.05,171,19.14152,20.06639,19.16396,0
"2025-03-18 18:02:52",1372,18.05,172,19.1303,20.05519,19.15834,0
"2025-03-18 18:02:53",1373,18.05,173,19.1303,20.03278,19.15273,0
"2025-03-18 18:02:54",1374,18.05,174,19.1303,20.02158,19.15273,0
"2025-03-18 18:02:55",1375,18.05,175,19.11908,20.01037,19.14152,0
"2025-03-18 18:02:56",1376,18.05,176,19.11908,19.98797,19.14152,0
"2025-03-18 18:02:57",1377,18.05,177,19.11347,19.97676,19.13591,0
"2025-03-18 18:02:58",1378,18.05,178,19.10786,19.96556,19.1303,0
"2025-03-18 18:02:59",1379,18.05,179,19.10786,19.94315,19.12469,0
"2025-03-18 18:03:00",1380,18.05,180,19.10225,19.93194,19.11908,0
"2025-03-18 18:03:01",1381,18.05,181,19.09665,19.92074,19.11908,0
"2025-03-18 18:03:02",1382,18.05,182,19.09103,19.90393,19.11347,0
"2025-03-18 18:03:03",1383,18.05,183,19.08542,19.88712,19.10786,0
"2025-03-18 18:03:04",1384,18.05,184,19.08542,19.87592,19.10225,0
"2025-03-18 18:03:05",1385,18.05,185,19.0742,19.86471,19.09665,0
"2025-03-18 18:03:06",1386,18.05,186,19.0742,19.8535,19.09665,0
"2025-03-18 18:03:07",1387,18.05,187,19.0686,19.83669,19.09103,0
"2025-03-18 18:03:08",1388,18.05,188,19.06298,19.83109,19.08542,0
"2025-03-18 18:03:09",1389,18.05,189,19.06298,19.80868,19.08542,0
"2025-03-18 18:03:10",1390,18.05,190,19.05738,19.79747,19.0742,0
"2025-03-18 18:03:11",1391,18.05,191,19.05177,19.78626,19.0742,0
"2025-03-18 18:03:12",1392,18.05,192,19.05177,19.77505,19.0686,0
"2025-03-18 18:03:13",1393,18.05,193,19.04615,19.76385,19.06298,0
"2025-03-18 18:03:14",1394,18.05,194,19.04055,19.75264,19.06298,0
"2025-03-18 18:03:15",1395,18.05,195,19.03493,19.74143,19.05738,0
"2025-03-18 18:03:16",1396,18.05,196,19.02933,19.73022,19.05177,0
"2025-03-18 18:03:17",1397,18.05,197,19.02933,19.71902,19.05177,0
"2025-03-18 18:03:18",1398,18.05,198,19.02372,19.7078,19.04615,0
"2025-03-18 18:03:19",1399,18.05,199,19.0181,19.6966,19.04055,0
"2025-03-18 18:03:20",1400,18.05,200,19.0181,19.68539,19.03493,0
"2025-03-18 18:03:21",1401,18.05,201,19.01249,19.67418,19.02933,0
"2025-03-18 18:03:22",1402,18.05,202,19.00689,19.66297,19.02933,0
"2025-03-18 18:03:23",1403,18.05,203,19.00689,19.65176,19.02372,0
"2025-03-18 18:03:24",1404,18.05,204,19.00689,19.64055,19.0181,0
"2025-03-18 18:03:25",1405,18.05,205,18.99566,19.62934,19.0181,0
"2025-03-18 18:03:26",1406,18.05,206,18.99566,19.61813,19.00689,0
"2025-03-18 18:03:27",1407,18.05,207,18.99006,19.60692,19.00689,0
"2025-03-18 18:03:28",1408,18.05,208,18.98444,19.59571,19.00127,0
"2025-03-18 18:03:29",1409,18.05,209,18.98444,19.5901,19.00127,0
"2025-03-18 18:03:30",1410,18.05,210,18.97322,19.5845,18.99566,0
"2025-03-18 18:03:31",1411,18.05,211,18.97322,19.57329,18.99006,0
"2025-03-18 18:03:32",1412,18.05,212,18.97322,19.55647,18.99006,0
"2025-03-18 18:03:33",1413,18.05,213,18.96761,19.55086,18.98444,0
"2025-03-18 18:03:34",1414,18.05,214,18.962,19.53965,18.98444,0
"2025-03-18 18:03:35",1415,18.05,215,18.962,19.52844,18.97322,0
"2025-03-18 18:03:36",1416,18.05,216,18.95078,19.51723,18.97322,0
"2025-03-18 18:03:37",1417,18.05,217,18.95078,19.51723,18.97322,0
"2025-03-18 18:03:38",1418,18.05,218,18.95078,19.50602,18.962,0
"2025-03-18 18:03:39",1419,18.05,219,18.94517,19.4948,18.962,0
"2025-03-18 18:03:40",1420,18.05,220,18.93956,19.48359,18.95639,0
"2025-03-18 18:03:41",1421,18.05,221,18.93956,19.47238,18.95078,0
"2025-03-18 18:03:42",1422,18.05,222,18.92834,19.46677,18.95078,0
"2025-03-18 18:03:43",1423,18.05,223,18.92834,19.46116,18.94517,0
"2025-03-18 18:03:44",1424,18.05,224,18.92834,19.44995,18.93956,0
"2025-03-18 18:03:45",1425,18.05,225,18.92272,19.44435,18.93956,0
"2025-03-18 18:03:46",1426,18.05,226,18.91711,19.43313,18.93395,0
"2025-03-18 18:03:47",1427,18.05,227,18.91711,19.42752,18.92834,0
"2025-03-18 18:03:48",1428,18.05,228,18.9115,19.41631,18.93395,0
"2025-03-18 18:03:49",1429,18.05,229,18.90589,19.4051,18.92834,0
"2025-03-18 18:03:50",1430,18.05,230,18.90589,19.39949,18.92834,0
"2025-03-18 18:03:51",1431,18.05,231,18.90589,19.39388,18.91711,0
"2025-03-18 18:03:52",1432,18.05,232,18.90028,19.38267,18.9115,0
"2025-03-18 18:03:53",1433,18.05,233,18.89467,19.38267,18.9115,0
"2025-03-18 18:03:54",1434,18.05,234,18.89467,19.36585,18.9115,0
"2025-03-18 18:03:55",1435,18.05,235,18.88906,19.36024,18.90589,0
"2025-03-18 18:03:56",1436,18.05,236,18.88345,19.36024,18.90028,0
"2025-03-18 18:03:57",1437,18.05,237,18.88345,19.34903,18.90028,0
"2025-03-18 18:03:58",1438,18.05,238,18.87222,19.33781,18.90028,0
"2025-03-18 18:03:59",1439,18.05,239,18.87222,19.3322,18.88906,0
"2025-03-18 18:04:00",1440,18.05,240,18.87222,19.3266,18.88345,0
"2025-03-18 18:04:01",1441,18.05,241,18.86661,19.31538,18.88345,0
"2025-03-18 18:04:02",1442,18.05,242,18.861,19.31538,18.88345,0
"2025-03-18 18:04:03",1443,18.05,243,18.861,19.30416,18.87784,0
"2025-03-18 18:04:04",1444,18.05,244,18.861,19.29856,18.87784,0
"2025-03-18 18:04:05",1445,18.05,245,18.85539,19.29295,18.87222,0
"2025-03-18 18:04:06",1446,18.05,246,18.84978,19.28173,18.87222,0
"2025-03-18 18:04:07",1447,18.05,247,18.84978,19.27612,18.861,0
"2025-03-18 18:04:08",1448,18.05,248,18.84416,19.27052,18.861,0
"2025-03-18 18:04:09",1449,18.05,249,18.83855,19.2593,18.861,0
"2025-03-18 18:04:10",1450,18.05,250,18.83855,19.2593,18.85539,0
"2025-03-18 18:04:11",1451,18.05,251,18.83855,19.24808,18.84978,0
"2025-03-18 18:04:12",1452,18.05,252,18.83294,19.24248,18.84978,0
"2025-03-18 18:04:13",1453,18.05,253,18.82733,19.23687,18.84416,0
"2025-03-18 18:04:14",1454,18.05,254,18.82733,19.22565,18.84416,0
"2025-03-18 18:04:15",1455,18.05,255,18.82172,19.22565,18.83855,0
"2025-03-18 18:04:16",1456,18.05,256,18.81611,19.22004,18.83294,0
"2025-03-18 18:04:17",1457,18.05,257,18.81611,19.20882,18.83294,0
"2025-03-18 18:04:18",1458,18.05,258,18.81611,19.20322,18.82733,0
"2025-03-18 18:04:19",1459,18.05,259,18.81049,19.19761,18.82733,0
"2025-03-18 18:04:20",1460,18.05,260,18.80488,19.192,18.82733,0
"2025-03-18 18:04:21",1461,18.05,261,18.80488,19.18639,18.82172,0
"2025-03-18 18:04:22",1462,18.05,262,18.80488,19.18078,18.82172,0
"2025-03-18 18:04:23",1463,18.05,263,18.79927,19.16957,18.81611,0
"2025-03-18 18:04:24",1464,18.05,264,18.79366,19.16957,18.81611,0
"2025-03-18 18:04:25",1465,18.05,265,18.79366,19.15834,18.81049,0
"2025-03-18 18:04:26",1466,18.05,266,18.79366,19.15834,18.80488,0
"2025-03-18 18:04:27",1467,18.05,267,18.78243,19.15834,18.80488,0
"2025-03-18 18:04:28",1468,18.05,268,18.78243,19.14713,18.80488,0
"2025-03-18 18:04:29",1469,18.05,269,18.78243,19.13591,18.80488,0
"2025-03-18 18:04:30",1470,18.05,270,18.78243,19.13591,18.79366,0
"2025-03-18 18:04:31",1471,18.05,271,18.77682,19.1303,18.79366,0
"2025-03-18 18:04:32",1472,18.05,272,18.77121,19.12469,18.78805,0
"2025-03-18 18:04:33",1473,18.05,273,18.77121,19.11347,18.78243,0
"2025-03-18 18:04:34",1474,18.05,274,18.77121,19.11347,18.78243,0
"2025-03-18 18:04:35",1475,18.05,275,18.77121,19.11347,18.78243,0
"2025-03-18 18:04:36",1476,18.05,276,18.75998,19.10225,18.78243,0
"2025-03-18 18:04:37",1477,18.05,277,18.75998,19.09665,18.77682,0
"2025-03-18 18:04:38",1478,18.05,278,18.75998,19.09103,18.77121,0
"2025-03-18 18:04:39",1479,18.05,279,18.75437,19.09103,18.77121,0
"2025-03-18 18:04:40",1480,18.05,280,18.75437,19.07981,18.77121,0
"2025-03-18 18:04:41",1481,18.05,281,18.74876,19.07981,18.7656,0
"2025-03-18 18:04:42",1482,18.05,282,18.74876,19.0742,18.75998,0
"2025-03-18 18:04:43",1483,18.05,283,18.74876,19.0686,18.75998,0
"2025-03-18 18:04:44",1484,18.05,284,18.73753,19.06298,18.75998,0
"2025-03-18 18:04:45",1485,18.05,285,18.73753,19.05738,18.75437,0
"2025-03-18 18:04:46",1486,18.05,286,18.73753,19.05177,18.75437,0
"2025-03-18 18:04:47",1487,18.05,287,18.73753,19.04615,18.74876,0
"2025-03-18 18:04:48",1488,18.05,288,18.72631,19.04055,18.74876,0
"2025-03-18 18:04:49",1489,18.05,289,18.72631,19.04055,18.74876,0
"2025-03-18 18:04:50",1490,18.05,290,18.72631,19.03493,18.74315,0
"2025-03-18 18:04:51",1491,18.05,291,18.72631,19.02933,18.73753,0
"2025-03-18 18:04:52",1492,18.05,292,18.71509,19.02372,18.73753,0
"2025-03-18 18:04:53",1493,18.05,293,18.7207,19.0181,18.73192,0
"2025-03-18 18:04:54",1494,18.05,294,18.71509,19.01249,18.73192,0
"2025-03-18 18:04:55",1495,18.05,295,18.70947,19.01249,18.73192,0
"2025-03-18 18:04:56",1496,18.05,296,18.70947,19.00689,18.72631,0
"2025-03-18 18:04:57",1497,18.05,297,18.70947,19.00127,18.72631,0
"2025-03-18 18:04:58",1498,18.05,298,18.70386,18.99566,18.7207,0
"2025-03-18 18:04:59",1499,18.05,299,18.70386,18.99006,18.7207,0
"2025-03-18 20:00:00",1500,18.07,0,17.9593,17.96492,17.96492,0
"2025-03-18 20:00:01",1501,18.07,1,17.9593,17.96492,17.96492,0
"2025-03-18 20:00:02",1502,18.07,2,17.95368,17.96492,17.96492,0
"2025-03-18 20:00:03",1503,18.07,3,17.9593,17.96492,17.96492,0
"2025-03-18 20:00:04",1504,18.07,4,17.95368,17.96492,17.96492,0
"2025-03-18 20:00:05",1505,18.07,5,17.9593,17.96492,17.96492,0
"2025-03-18 20:00:06",1506,18.07,6,17.9593,17.96492,17.96492,0
"2025-03-18 20:00:07",1507,18.07,7,17.9593,17.96492,17.96492,0
"2025-03-18 20:00:08",1508,18.07,8,17.95368,22.61252,17.96492,303.2
"2025-03-18 20:00:09",1509,18.07,9,17.95368,28.11406,17.96492,303.2
"2025-03-18 20:00:10",1510,18.07,10,17.9593,32.61496,17.96492,303.2
"2025-03-18 20:00:11",1511,18.07,11,17.9593,36.43583,17.96492,301.8
"2025-03-18 20:00:12",1512,18.07,12,17.9593,39.76765,17.96492,301.8
"2025-03-18 20:00:13",1513,18.07,13,17.9593,42.70964,17.96492,301.8
"2025-03-18 20:00:14",1514,18.07,14,17.9593,45.33345,17.96492,301.8
"2025-03-18 20:00:15",1515,18.07,15,17.9593,47.74232,17.96492,301.1
"2025-03-18 20:00:16",1516,18.07,16,17.9593,49.93373,17.96492,300.4
"2025-03-18 20:00:17",1517,18.07,17,17.9593,51.94186,17.96492,300.4
"2025-03-18 20:00:18",1518,18.07,18,17.9593,53.80026,17.97054,300.4
"2025-03-18 20:00:19",1519,18.07,19,17.9593,55.55803,17.97616,300.4
"2025-03-18 20:00:20",1520,18.07,20,17.9593,57.18407,17.97616,300.4
"2025-03-18 20:00:21",1521,18.07,21,17.97054,58.74286,17.98178,300.4
"2025-03-18 20:00:22",1522,18.07,22,17.97616,60.20311,17.99302,299.1
"2025-03-18 20:00:23",1523,18.07,23,17.98178,57.6457,17.99864,0
"2025-03-18 20:00:24",1524,18.07,24,17.99302,54.0562,18.00987,0
"2025-03-18 20:00:25",1525,18.07,25,18.00426,51.15536,18.03235,0
"2025-03-18 20:00:26",1526,18.07,26,18.01549,48.77443,18.04359,0
"2025-03-18 20:00:27",1527,18.07,27,18.03797,46.70866,18.06606,0
"2025-03-18 20:00:28",1528,18.07,28,18.04921,44.92846,18.08853,0
"2025-03-18 20:00:29",1529,18.07,29,18.0773,43.35931,18.111,0
"2025-03-18 20:00:30",1530,18.07,30,18.10539,41.95093,18.14471,0
"2025-03-18 20:00:31",1531,18.07,31,18.12786,40.6972,18.1728,0
"2025-03-18 20:00:32",1532,18.07,32,18.15594,39.56635,18.2065,0
"2025-03-18 20:00:33",1533,18.07,33,18.18965,38.53171,18.2402,0
"2025-03-18 20:00:34",1534,18.07,34,18.22335,37.58827,18.27952,0
"2025-03-18 20:00:35",1535,18.07,35,18.25705,36.73096,18.32445,0
"2025-03-18 20:00:36",1536,18.07,36,18.29637,35.9382,18.35814,0
"2025-03-18 20:00:37",1537,18.07,37,18.33006,35.20476,18.40307,0
"2025-03-18 20:00:38",1538,18.07,38,18.37499,34.52535,18.44237,0
"2025-03-18 20:00:39",1539,18.07,39,18.40868,33.88916,18.48168,0
"2025-03-18 20:00:40",1540,18.07,40,18.44237,33.30179,18.52098,0
"2025-03-18 20:00:41",1541,18.07,41,18.48168,32.75238,18.5659,0
"2025-03-18 20:00:42",1542,18.07,42,18.5266,32.24103,18.60519,0
"2025-03-18 20:00:43",1543,18.07,43,18.5659,31.75682,18.6501,0
"2025-03-18 20:00:44",1544,18.07,44,18.60519,31.29429,18.68939,0
"2025-03-18 20:00:45",1545,18.07,45,18.64449,30.87002,18.73429,0
"2025-03-18 20:00:46",1546,18.07,46,18.68378,30.46755,18.76797,0
"2025-03-18 20:00:47",1547,18.07,47,18.71746,30.09243,18.80726,0
"2025-03-18 20:00:48",1548,18.07,48,18.75675,29.72814,18.84654,0
"2025-03-18 20:00:49",1549,18.07,49,18.79042,29.38575,18.88021,0
"2025-03-18 20:00:50",1550,18.07,50,18.8297,29.05976,18.91387,0
"2025-03-18 20:00:51",1551,18.07,51,18.85776,28.75573,18.94754,0
"2025-03-18 20:00:52",1552,18.07,52,18.89704,28.46263,18.9812,0
"2025-03-18 20:00:53",1553,18.07,53,18.91949,28.186,19.01487,0
"2025-03-18 20:00:54",1554,18.07,54,18.95315,27.92033,19.04292,0
"2025-03-18 20:00:55",1555,18.07,55,18.9812,27.66563,19.07097,0
"2025-03-18 20:00:56",1556,18.07,56,19.00926,27.42191,19.09901,0
"2025-03-18 20:00:57",1557,18.07,57,19.0317,27.19473,19.12706,0
"2025-03-18 20:00:58",1558,18.07,58,19.06536,26.96747,19.1495,0
"2025-03-18 20:00:59",1559,18.07,59,19.0878,26.75677,19.17194,0
"2025-03-18 20:01:00",1560,18.07,60,19.11023,26.5571,19.19437,0
"2025-03-18 20:01:01",1561,18.07,61,19.13267,26.35738,19.2168,0
"2025-03-18 20:01:02",1562,18.07,62,19.15511,26.17424,19.23363,0
"2025-03-18 20:01:03",1563,18.07,63,19.17754,25.99105,19.25606,0
"2025-03-18 20:01:04",1564,18.07,64,19.19437,25.81892,19.27289,0
"2025-03-18 20:01:05",1565,18.07,65,19.2112,25.6523,19.28971,0
"2025-03-18 20:01:06",1566,18.07,66,19.22241,25.49675,19.30654,0
"2025-03-18 20:01:07",1567,18.07,67,19.24485,25.34116,19.32336,0
"2025-03-18 20:01:08",1568,18.07,68,19.25606,25.1911,19.33457,0
"2025-03-18 20:01:09",1569,18.07,69,19.2785,25.04656,19.3514,0
"2025-03-18 20:01:10",1570,18.07,70,19.28971,24.91311,19.36261,0
"2025-03-18 20:01:11",1571,18.07,71,19.30093,24.77964,19.37383,0
"2025-03-18 20:01:12",1572,18.07,72,19.31214,24.64614,19.37943,0
"2025-03-18 20:01:13",1573,18.07,73,19.32336,24.52374,19.39065,0
"2025-03-18 20:01:14",1574,18.07,74,19.33457,24.40132,19.40186,0
"2025-03-18 20:01:15",1575,18.07,75,19.34579,24.28444,19.41307,0
"2025-03-18 20:01:16",1576,18.07,76,19.357,24.16754,19.42429,0
"2025-03-18 20:01:17",1577,18.07,77,19.357,24.06176,19.4299,0
"2025-03-18 20:01:18",1578,18.07,78,19.36822,23.95596,19.4355,0
"2025-03-18 20:01:19",1579,18.07,79,19.37943,23.85014,19.44111,0
"2025-03-18 20:01:20",1580,18.07,80,19.38504,23.75546,19.44672,0
"2025-03-18 20:01:21",1581,18.07,81,19.39065,23.65518,19.45232,0
"2025-03-18 20:01:22",1582,18.07,82,19.39626,23.56046,19.45793,0
"2025-03-18 20:01:23",1583,18.07,83,19.40186,23.4713,19.45793,0
"2025-03-18 20:01:24",1584,18.07,84,19.40186,23.38213,19.46914,0
"2025-03-18 20:01:25",1585,18.07,85,19.41307,23.29852,19.46914,0
"2025-03-18 20:01:26",1586,18.07,86,19.41307,23.20932,19.46914,0
"2025-03-18 20:01:27",1587,18.07,87,19.41868,23.13127,19.46914,0
"2025-03-18 20:01:28",1588,18.07,88,19.42429,23.0532,19.48036,0
"2025-03-18 20:01:29",1589,18.07,89,19.42429,22.97513,19.48036,0
"2025-03-18 20:01:30",1590,18.07,90,19.42429,22.89705,19.48036,0
"2025-03-18 20:01:31",1591,18.07,91,19.42429,22.83011,19.48036,0
"2025-03-18 20:01:32",1592,18.07,92,19.4299,22.75759,19.48036,0
"2025-03-18 20:01:33",1593,18.07,93,19.4355,22.68506,19.48596,0
"2025-03-18 20:01:34",1594,18.07,94,19.4355,22.6181,19.48036,0
"2025-03-18 20:01:35",1595,18.07,95,19.4355,22.55114,19.48036,0
"2025-03-18 20:01:36",1596,18.07,96,19.4355,22.48975,19.48036,0
"2025-03-18 20:01:37",1597,18.07,97,19.4355,22.42836,19.48036,0
"2025-03-18 20:01:38",1598,18.07,98,19.4355,22.36696,19.48036,0
"2025-03-18 20:01:39",1599,18.07,99,19.4355,22.30555,19.48036,0
"2025-03-18 20:01:40",1600,18.07,100,19.4355,22.24972,19.48036,0
"2025-03-18 20:01:41",1601,18.07,101,19.4355,22.19389,19.48036,0
"2025-03-18 20:01:42",1602,18.07,102,19.4355,22.13805,19.48036,0
"2025-03-18 20:01:43",1603,18.07,103,19.4299,22.08221,19.47475,0
"2025-03-18 20:01:44",1604,18.07,104,19.42429,22.02636,19.46914,0
"2025-03-18 20:01:45",1605,18.07,105,19.4299,21.98168,19.46914,0
"2025-03-18 20:01:46",1606,18.07,106,19.42429,21.92583,19.46914,0
"2025-03-18 20:01:47",1607,18.07,107,19.42429,21.88114,19.46354,0
"2025-03-18 20:01:48",1608,18.07,108,19.42429,21.83086,19.45793,0
"2025-03-18 20:01:49",1609,18.07,109,19.42429,21.78058,19.45793,0
"2025-03-18 20:01:50",1610,18.07,110,19.41307,21.73588,19.45232,0
"2025-03-18 20:01:51",1611,18.07,111,19.41307,21.69118,19.45232,0
"2025-03-18 20:01:52",1612,18.07,112,19.41307,21.64648,19.45232,0
"2025-03-18 20:01:53",1613,18.07,113,19.41307,21.60736,19.45232,0
"2025-03-18 20:01:54",1614,18.07,114,19.40747,21.56265,19.44672,0
"2025-03-18 20:01:55",1615,18.07,115,19.40186,21.52353,19.4355,0
"2025-03-18 20:01:56",1616,18.07,116,19.40186,21.47882,19.4355,0
"2025-03-18 20:01:57",1617,18.07,117,19.40186,21.44527,19.4299,0
"2025-03-18 20:01:58",1618,18.07,118,19.39065,21.40055,19.4299,0
"2025-03-18 20:01:59",1619,18.07,119,19.39065,21.36142,19.42429,0
"2025-03-18 20:02:00",1620,18.07,120,19.39065,21.32788,19.41868,0
"2025-03-18 20:02:01",1621,18.07,121,19.38504,21.28874,19.41868,0
"2025-03-18 20:02:02",1622,18.07,122,19.37943,21.2552,19.41307,0
"2025-03-18 20:02:03",1623,18.07,123,19.37383,21.21605,19.40747,0
"2025-03-18 20:02:04",1624,18.07,124,19.37383,21.18809,19.40186,0
"2025-03-18 20:02:05",1625,18.07,125,19.36822,21.14895,19.40186,0
"2025-03-18 20:02:06",1626,18.07,126,19.36261,21.11539,19.39626,0
"2025-03-18 20:02:07",1627,18.07,127,19.357,21.08743,19.39065,0
"2025-03-18 20:02:08",1628,18.07,128,19.357,21.05387,19.39065,0
"2025-03-18 20:02:09",1629,18.07,129,19.357,21.02031,19.37943,0
"2025-03-18 20:02:10",1630,18.07,130,19.34579,20.98675,19.37943,0
"2025-03-18 20:02:11",1631,18.07,131,19.34579,20.95878,19.36822,0
"2025-03-18 20:02:12",1632,18.07,132,19.34579,20.93081,19.36822,0
"2025-03-18 20:02:13",1633,18.07,133,19.33457,20.89725,19.36261,0
"2025-03-18 20:02:14",1634,18.07,134,19.33457,20.87487,19.357,0
"2025-03-18 20:02:15",1635,18.07,135,19.32336,20.8413,19.357,0
"2025-03-18 20:02:16",1636,18.07,136,19.32336,20.81892,19.3514,0
"2025-03-18 20:02:17",1637,18.07,137,19.32336,20.79095,19.34579,0
"2025-03-18 20:02:18",1638,18.07,138,19.31214,20.76297,19.34018,0
"2025-03-18 20:02:19",1639,18.07,139,19.31214,20.74059,19.33457,0
"2025-03-18 20:02:20",1640,18.07,140,19.30654,20.70701,19.33457,0
"2025-03-18 20:02:21",1641,18.07,141,19.30093,20.68462,19.32896,0
"2025-03-18 20:02:22",1642,18.07,142,19.29532,20.66224,19.31775,0
"2025-03-18 20:02:23",1643,18.07,143,19.28971,20.63986,19.31775,0
"2025-03-18 20:02:24",1644,18.07,144,19.28971,20.60628,19.31214,0
"2025-03-18 20:02:25",1645,18.07,145,19.2785,20.58949,19.31214,0
"2025-03-18 20:02:26",1646,18.07,146,19.2785,20.56709,19.30093,0
"2025-03-18 20:02:27",1647,18.07,147,19.2785,20.53911,19.30093,0
"2025-03-18 20:02:28",1648,18.07,148,19.26728,20.51672,19.28971,0
"2025-03-18 20:02:29",1649,18.07,149,19.26728,20.49433,19.28971,0
"2025-03-18 20:02:30",1650,18.07,150,19.25606,20.47194,19.28411,0
"2025-03-18 20:02:31",1651,18.07,151,19.25606,20.44954,19.2785,0
"2025-03-18 20:02:32",1652,18.07,152,19.24485,20.43275,19.27289,0
"2025-03-18 20:02:33",1653,18.07,153,19.24485,20.41595,19.26728,0
"2025-03-18 20:02:34",1654,18.07,154,19.23924,20.39356,19.26728,0
"2025-03-18 20:02:35",1655,18.07,155,19.23363,20.37116,19.26167,0
"2025-03-18 20:02:36",1656,18.07,156,19.23363,20.34877,19.25606,0
"2025-03-18 20:02:37",1657,18.07,157,19.22802,20.32637,19.25046,0
"2025-03-18 20:02:38",1658,18.07,158,19.22241,20.31517,19.24485,0
"2025-03-18 20:02:39",1659,18.07,159,19.22241,20.29278,19.23924,0
"2025-03-18 20:02:40",1660,18.07,160,19.2112,20.27038,19.23363,0
"2025-03-18 20:02:41",1661,18.07,161,19.2112,20.25358,19.22802,0
"2025-03-18 20:02:42",1662,18.07,162,19.20559,20.23678,19.22802,0
"2025-03-18 20:02:43",1663,18.07,163,19.19998,20.21438,19.22241,0
"2025-03-18 20:02:44",1664,18.07,164,19.19437,20.20318,19.2168,0
"2025-03-18 20:02:45",1665,18.07,165,19.18876,20.18078,19.2112,0
"2025-03-18 20:02:46",1666,18.07,166,19.18876,20.16958,19.2112,0
"2025-03-18 20:02:47",1667,18.07,167,19.18315,20.14717,19.19998,0
"2025-03-18 20:02:48",1668,18.07,168,19.17754,20.13597,19.19998,0
"2025-03-18 20:02:49",1669,18.07,169,19.17194,20.11917,19.19437,0
"2025-03-18 20:02:50",1670,18.07,170,19.16633,20.10237,19.18876,0
"2025-03-18 20:02:51",1671,18.07,171,19.16633,20.07996,19.18315,0
"2025-03-18 20:02:52",1672,18.07,172,19.15511,20.06876,19.17754,0
"2025-03-18 20:02:53",1673,18.07,173,19.15511,20.05195,19.17754,0
"2025-03-18 20:02:54",1674,18.07,174,19.1495,20.03515,19.16633,0
"2025-03-18 20:02:55",1675,18.07,175,19.14389,20.02395,19.16633,0
"2025-03-18 20:02:56",1676,18.07,176,19.13828,20.00714,19.16072,0
"2025-03-18 20:02:57",1677,18.07,177,19.13267,19.99034,19.15511,0
"2025-03-18 20:02:58",1678,18.07,178,19.13267,19.97913,19.15511,0
"2025-03-18 20:02:59",1679,18.07,179,19.13267,19.96232,19.14389,0
"2025-03-18 20:03:00",1680,18.07,180,19.12145,19.94552,19.14389,0
"2025-03-18 20:03:01",1681,18.07,181,19.12145,19.93431,19.13828,0
"2025-03-18 20:03:02",1682,18.07,182,19.11584,19.92311,19.13267,0
"2025-03-18 20:03:03",1683,18.07,183,19.11023,19.9119,19.13267,0
"2025-03-18 20:03:04",1684,18.07,184,19.11023,19.89509,19.12145,0
"2025-03-18 20:03:05",1685,18.07,185,19.09901,19.87828,19.12145,0
"2025-03-18 20:03:06",1686,18.07,186,19.09901,19.86708,19.12145,0
"2025-03-18 20:03:07",1687,18.07,187,19.09901,19.85587,19.11023,0
"2025-03-18 20:03:08",1688,18.07,188,19.0878,19.84467,19.11023,0
"2025-03-18 20:03:09",1689,18.07,189,19.0878,19.83346,19.09901,0
"2025-03-18 20:03:10",1690,18.07,190,19.08219,19.81665,19.09901,0
"2025-03-18 20:03:11",1691,18.07,191,19.07658,19.79984,19.09901,0
"2025-03-18 20:03:12",1692,18.07,192,19.07658,19.79424,19.0878,0
"2025-03-18 20:03:13",1693,18.07,193,19.07097,19.77742,19.0878,0
"2025-03-18 20:03:14",1694,18.07,194,19.06536,19.76622,19.08219,0
"2025-03-18 20:03:15",1695,18.07,195,19.06536,19.75501,19.07658,0
"2025-03-18 20:03:16",1696,18.07,196,19.05414,19.7438,19.07658,0
"2025-03-18 20:03:17",1697,18.07,197,19.05414,19.73259,19.07097,0
"2025-03-18 20:03:18",1698,18.07,198,19.04853,19.72138,19.06536,0
"2025-03-18 20:03:19",1699,18.07,199,19.04292,19.71017,19.06536,0
"2025-03-18 20:03:20",1700,18.07,200,19.04292,19.69897,19.05414,0
"2025-03-18 20:03:21",1701,18.07,201,19.0317,19.68776,19.05414,0
"2025-03-18 20:03:22",1702,18.07,202,19.0317,19.67655,19.05414,0
"2025-03-18 20:03:23",1703,18.07,203,19.0317,19.66534,19.04292,0
"2025-03-18 20:03:24",1704,18.07,204,19.02048,19.65413,19.04292,0
"2025-03-18 20:03:25",1705,18.07,205,19.02048,19.64292,19.03731,0
"2025-03-18 20:03:26",1706,18.07,206,19.02048,19.63171,19.0317,0
"2025-03-18 20:03:27",1707,18.07,207,19.00926,19.6205,19.0317,0
"2025-03-18 20:03:28",1708,18.07,208,19.00926,19.60929,19.02609,0
"2025-03-18 20:03:29",1709,18.07,209,19.00365,19.60929,19.02048,0
"2025-03-18 20:03:30",1710,18.07,210,18.99804,19.59808,19.02048,0
"2025-03-18 20:03:31",1711,18.07,211,18.99804,19.58687,19.01487,0
"2025-03-18 20:03:32",1712,18.07,212,18.99804,19.57565,19.00926,0
"2025-03-18 20:03:33",1713,18.07,213,18.98681,19.56444,19.00926,0
"2025-03-18 20:03:34",1714,18.07,214,18.98681,19.55323,19.00365,0
"2025-03-18 20:03:35",1715,18.07,215,18.9812,19.54763,18.99804,0
"2025-03-18 20:03:36",1716,18.07,216,18.9756,19.54202,18.99804,0
"2025-03-18 20:03:37",1717,18.07,217,18.9756,19.53081,18.98681,0
"2025-03-18 20:03:38",1718,18.07,218,18.9756,19.5196,18.98681,0
"2025-03-18 20:03:39",1719,18.07,219,18.96437,19.50838,18.98681,0
"2025-03-18 20:03:40",1720,18.07,220,18.96437,19.50278,18.9812,0
"2025-03-18 20:03:41",1721,18.07,221,18.95876,19.49717,18.9756,0
"2025-03-18 20:03:42",1722,18.07,222,18.95876,19.48596,18.96998,0
"2025-03-18 20:03:43",1723,18.07,223,18.95315,19.47475,18.96437,0
"2025-03-18 20:03:44",1724,18.07,224,18.95315,19.46354,18.96437,0
"2025-03-18 20:03:45",1725,18.07,225,18.94193,19.46354,18.96437,0
"2025-03-18 20:03:46",1726,18.07,226,18.94193,19.45232,18.95876,0
"2025-03-18 20:03:47",1727,18.07,227,18.94193,19.44111,18.95315,0
"2025-03-18 20:03:48",1728,18.07,228,18.93632,19.4299,18.95315,0
"2025-03-18 20:03:49",1729,18.07,229,18.93071,19.4299,18.94754,0
"2025-03-18 20:03:50",1730,18.07,230,18.9251,19.41868,18.94193,0
"2025-03-18 20:03:51",1731,18.07,231,18.91949,19.40747,18.94193,0
"2025-03-18 20:03:52",1732,18.07,232,18.91949,19.40747,18.94193,0
"2025-03-18 20:03:53",1733,18.07,233,18.91949,19.39626,18.93071,0
"2025-03-18 20:03:54",1734,18.07,234,18.91387,19.38504,18.93071,0
"2025-03-18 20:03:55",1735,18.07,235,18.90826,19.37383,18.9251,0
"2025-03-18 20:03:56",1736,18.07,236,18.90826,19.37383,18.9251,0
"2025-03-18 20:03:57",1737,18.07,237,18.90265,19.36261,18.91949,0
"2025-03-18 20:03:58",1738,18.07,238,18.89704,19.357,18.91949,0
"2025-03-18 20:03:59",1739,18.07,239,18.89704,19.3514,18.90826,0
"2025-03-18 20:04:00",1740,18.07,240,18.89704,19.34018,18.90826,0
"2025-03-18 20:04:01",1741,18.07,241,18.89143,19.32896,18.90826,0
"2025-03-18 20:04:02",1742,18.07,242,18.88582,19.32896,18.89704,0
"2025-03-18 20:04:03",1743,18.07,243,18.88582,19.31775,18.89704,0
"2025-03-18 20:04:04",1744,18.07,244,18.88021,19.31775,18.89704,0
"2025-03-18 20:04:05",1745,18.07,245,18.8746,19.30654,18.89143,0
"2025-03-18 20:04:06",1746,18.07,246,18.8746,19.29532,18.88582,0
"2025-03-18 20:04:07",1747,18.07,247,18.8746,19.29532,18.88582,0
"2025-03-18 20:04:08",1748,18.07,248,18.86337,19.28411,18.88582,0
"2025-03-18 20:04:09",1749,18.07,249,18.86337,19.2785,18.88021,0
"2025-03-18 20:04:10",1750,18.07,250,18.86337,19.27289,18.8746,0
"2025-03-18 20:04:11",1751,18.07,251,18.86337,19.26728,18.8746,0
"2025-03-18 20:04:12",1752,18.07,252,18.85776,19.26167,18.86898,0
"2025-03-18 20:04:13",1753,18.07,253,18.85215,19.25046,18.86898,0
"2025-03-18 20:04:14",1754,18.07,254,18.85215,19.25046,18.86337,0
"2025-03-18 20:04:15",1755,18.07,255,18.84654,19.23924,18.86337,0
"2025-03-18 20:04:16",1756,18.07,256,18.84093,19.23924,18.85776,0
"2025-03-18 20:04:17",1757,18.07,257,18.84093,19.22802,18.85215,0
"2025-03-18 20:04:18",1758,18.07,258,18.84093,19.22241,18.85215,0
"2025-03-18 20:04:19",1759,18.07,259,18.8297,19.2168,18.85215,0
"2025-03-18 20:04:20",1760,18.07,260,18.83531,19.2112,18.84654,0
"2025-03-18 20:04:21",1761,18.07,261,18.8297,19.20559,18.84093,0
"2025-03-18 20:04:22",1762,18.07,262,18.8297,19.19437,18.84093,0
"2025-03-18 20:04:23",1763,18.07,263,18.8297,19.19437,18.84093,0
"2025-03-18 20:04:24",1764,18.07,264,18.81848,19.18315,18.8297,0
"2025-03-18 20:04:25",1765,18.07,265,18.81848,19.18315,18.8297,0
"2025-03-18 20:04:26",1766,18.07,266,18.81848,19.17194,18.8297,0
"2025-03-18 20:04:27",1767,18.07,267,18.80726,19.17194,18.8297,0
"2025-03-18 20:04:28",1768,18.07,268,18.80726,19.16072,18.81848,0
"2025-03-18 20:04:29",1769,18.07,269,18.80726,19.16072,18.81848,0
"2025-03-18 20:04:30",1770,18.07,270,18.80164,19.15511,18.81848,0
"2025-03-18 20:04:31",1771,18.07,271,18.79603,19.1495,18.81848,0
"2025-03-18 20:04:32",1772,18.07,272,18.79603,19.14389,18.80726,0
"2025-03-18 20:04:33",1773,18.07,273,18.79603,19.13828,18.81287,0
"2025-03-18 20:04:34",1774,18.07,274,18.79603,19.13267,18.80726,0
"2025-03-18 20:04:35",1775,18.07,275,18.79042,19.12706,18.80726,0
"2025-03-18 20:04:36",1776,18.07,276,18.78481,19.12706,18.80164,0
"2025-03-18 20:04:37",1777,18.07,277,18.78481,19.11584,18.80164,0
"2025-03-18 20:04:38",1778,18.07,278,18.78481,19.11023,18.79603,0
"2025-03-18 20:04:39",1779,18.07,279,18.77919,19.10462,18.79042,0
"2025-03-18 20:04:40",1780,18.07,280,18.77358,19.10462,18.79042,0
"2025-03-18 20:04:41",1781,18.07,281,18.77358,19.09341,18.79042,0
"2025-03-18 20:04:42",1782,18.07,282,18.77358,19.09341,18.78481,0
"2025-03-18 20:04:43",1783,18.07,283,18.77358,19.08219,18.78481,0
"2025-03-18 20:04:44",1784,18.07,284,18.76236,19.08219,18.77919,0
"2025-03-18 20:04:45",1785,18.07,285,18.76236,19.07658,18.77358,0
"2025-03-18 20:04:46",1786,18.07,286,18.76236,19.07097,18.77358,0
"2025-03-18 20:04:47",1787,18.07,287,18.75675,19.05975,18.77358,0
"2025-03-18 20:04:48",1788,18.07,288,18.75675,19.05975,18.76797,0
"2025-03-18 20:04:49",1789,18.07,289,18.75113,19.05975,18.77358,0
"2025-03-18 20:04:50",1790,18.07,290,18.75113,19.04853,18.76797,0
"2025-03-18 20:04:51",1791,18.07,291,18.75113,19.04853,18.76236,0
"2025-03-18 20:04:52",1792,18.07,292,18.74552,19.04292,18.76236,0
"2025-03-18 20:04:53",1793,18.07,293,18.73991,19.03731,18.76236,0
"2025-03-18 20:04:54",1794,18.07,294,18.73991,19.0317,18.75675,0
"2025-03-18 20:04:55",1795,18.07,295,18.73991,19.02609,18.75113,0
"2025-03-18 20:04:56",1796,18.07,296,18.73991,19.02609,18.75113,0
"2025-03-18 20:04:57",1797,18.07,297,18.72868,19.02048,18.74552,0
"2025-03-18 20:04:58",1798,18.07,298,18.72868,19.01487,18.74552,0
"2025-03-18 20:04:59",1799,18.07,299,18.72868,19.00926,18.74552,0
"2025-03-18 22:00:00",1800,18.1,0,17.97854,17.98977,17.98977,0
"2025-03-18 22:00:01",1801,18.1,1,17.97292,17.98977,17.98977,0
"2025-03-18 22:00:02",1802,18.1,2,17.97292,17.98977,17.98977,0
"2025-03-18 22:00:03",1803,18.1,3,17.97292,17.98977,17.98977,0
"2025-03-18 22:00:04",1804,18.1,4,17.97854,17.98977,17.98977,0
"2025-03-18 22:00:05",1805,18.1,5,17.97854,17.98977,17.98977,0
"2025-03-18 22:00:06",1806,18.1,6,17.97854,17.98977,17.98977,0
"2025-03-18 22:00:07",1807,18.1,7,17.97292,17.98977,17.98977,0
"2025-03-18 22:00:08",1808,18.1,8,17.97292,22.6372,17.98977,303.1
"2025-03-18 22:00:09",1809,18.1,9,17.97292,28.13853,17.98416,303.1
"2025-03-18 22:00:10",1810,18.1,10,17.97854,32.63927,17.98977,302.8
"2025-03-18 22:00:11",1811,18.1,11,17.97854,36.45454,17.98977,301.8
"2025-03-18 22:00:12",1812,18.1,12,17.97854,39.78083,17.98416,301.8
"2025-03-18 22:00:13",1813,18.1,13,17.97854,42.72276,17.98977,301.8
"2025-03-18 22:00:14",1814,18.1,14,17.97854,45.35732,17.98977,301.8
"2025-03-18 22:00:15",1815,18.1,15,17.97854,47.74996,17.98977,301.1
"2025-03-18 22:00:16",1816,18.1,16,17.97854,49.94135,17.98977,300.4
"2025-03-18 22:00:17",1817,18.1,17,17.97292,51.9655,17.99539,300.4
"2025-03-18 22:00:18",1818,18.1,18,17.98416,53.82384,17.99539,300.4
"2025-03-18 22:00:19",1819,18.1,19,17.98416,55.56559,17.99539,300.4
"2025-03-18 22:00:20",1820,18.1,20,17.98416,57.20753,18.00101,300.4
"2025-03-18 22:00:21",1821,18.12,21,18.01127,58.77593,18.03375,300.4
"2025-03-18 22:00:22",1822,18.1,22,17.99539,60.22648,18.01225,299
"2025-03-18 22:00:23",1823,18.12,23,18.03375,57.67883,18.05622,0
"2025-03-18 22:00:24",1824,18.1,24,18.01225,54.04779,18.03473,0
"2025-03-18 22:00:25",1825,18.1,25,18.02349,51.16297,18.05158,0
"2025-03-18 22:00:26",1826,18.12,26,18.06746,48.77575,18.09555,0
"2025-03-18 22:00:27",1827,18.12,27,18.0787,46.72615,18.11802,0
"2025-03-18 22:00:28",1828,18.1,28,18.07405,44.91993,18.10776,0
"2025-03-18 22:00:29",1829,18.1,29,18.09653,43.33995,18.13585,0
"2025-03-18 22:00:30",1830,18.1,30,18.119,41.94238,18.16394,0
"2025-03-18 22:00:31",1831,18.1,31,18.14709,40.68864,18.19764,0
"2025-03-18 22:00:32",1832,18.1,32,18.17517,39.55776,18.23134,0
"2025-03-18 22:00:33",1833,18.12,33,18.23599,38.54941,18.29215,0
"2025-03-18 22:00:34",1834,18.1,34,18.24258,37.58512,18.29874,0
"2025-03-18 22:00:35",1835,18.12,35,18.30338,36.74871,18.36516,0
"2025-03-18 22:00:36",1836,18.1,36,18.31559,35.92958,18.38298,0
"2025-03-18 22:00:37",1837,18.1,37,18.3549,35.2016,18.42229,0
"2025-03-18 22:00:38",1838,18.1,38,18.39421,34.52219,18.4616,0
"2025-03-18 22:00:39",1839,18.1,39,18.43352,33.89148,18.50651,0
"2025-03-18 22:00:40",1840,18.12,40,18.49431,33.32512,18.57291,0
"2025-03-18 22:00:41",1841,18.1,41,18.50651,32.74921,18.59072,0
"2025-03-18 22:00:42",1842,18.12,42,18.57291,32.26441,18.65711,0
"2025-03-18 22:00:43",1843,18.1,43,18.58511,31.75914,18.67493,0
"2025-03-18 22:00:44",1844,18.1,44,18.63002,31.30212,18.71422,0
"2025-03-18 22:00:45",1845,18.12,45,18.69079,30.90446,18.78059,0
"2025-03-18 22:00:46",1846,18.1,46,18.7086,30.46988,18.79279,0
"2025-03-18 22:00:47",1847,18.1,47,18.74228,30.09476,18.83208,0
"2025-03-18 22:00:48",1848,18.1,48,18.77596,29.73599,18.86574,0
"2025-03-18 22:00:49",1849,18.1,49,18.80963,29.38808,18.89941,0
"2025-03-18 22:00:50",1850,18.1,50,18.8433,29.07315,18.93869,0
"2025-03-18 22:00:51",1851,18.1,51,18.88258,28.75807,18.97235,0
"2025-03-18 22:00:52",1852,18.1,52,18.91064,28.4705,19.00602,0
"2025-03-18 22:00:53",1853,18.1,53,18.9443,28.19387,19.03407,0
"2025-03-18 22:00:54",1854,18.12,54,19.00504,27.95492,19.0948,0
"2025-03-18 22:00:55",1855,18.1,55,19.00041,27.67351,19.09017,0
"2025-03-18 22:00:56",1856,18.12,56,19.06115,27.45653,19.1509,0
"2025-03-18 22:00:57",1857,18.1,57,19.05651,27.20262,19.14626,0
"2025-03-18 22:00:58",1858,18.12,58,19.11163,27.00212,19.19577,0
"2025-03-18 22:00:59",1859,18.1,59,19.11261,26.77021,19.19113,0
"2025-03-18 22:01:00",1860,18.1,60,19.13504,26.56499,19.21918,0
"2025-03-18 22:01:01",1861,18.12,61,19.18455,26.3976,19.26307,0
"2025-03-18 22:01:02",1862,18.1,62,19.17431,26.18769,19.25843,0
"2025-03-18 22:01:03",1863,18.1,63,19.19113,26.0045,19.27526,0
"2025-03-18 22:01:04",1864,18.1,64,19.21357,25.83237,19.29208,0
"2025-03-18 22:01:05",1865,18.1,65,19.236,25.66576,19.31451,0
"2025-03-18 22:01:06",1866,18.1,66,19.24722,25.50466,19.32573,0
"2025-03-18 22:01:07",1867,18.12,67,19.29111,25.38145,19.37523,0
"2025-03-18 22:01:08",1868,18.1,68,19.28087,25.20457,19.35937,0
"2025-03-18 22:01:09",1869,18.12,69,19.32476,25.08686,19.39765,0
"2025-03-18 22:01:10",1870,18.12,70,19.33036,24.94786,19.40887,0
"2025-03-18 22:01:11",1871,18.1,71,19.32012,24.78755,19.39302,0
"2025-03-18 22:01:12",1872,18.12,72,19.3584,24.68647,19.43129,0
"2025-03-18 22:01:13",1873,18.12,73,19.37523,24.56408,19.44251,0
"2025-03-18 22:01:14",1874,18.12,74,19.38644,24.44166,19.45372,0
"2025-03-18 22:01:15",1875,18.1,75,19.36498,24.29793,19.43787,0
"2025-03-18 22:01:16",1876,18.12,76,19.40326,24.21347,19.47054,0
"2025-03-18 22:01:17",1877,18.12,77,19.40887,24.10212,19.47615,0
"2025-03-18 22:01:18",1878,18.12,78,19.42008,23.99633,19.48736,0
"2025-03-18 22:01:19",1879,18.1,79,19.39862,23.86364,19.4603,0
"2025-03-18 22:01:20",1880,18.12,80,19.43129,23.79583,19.49857,0
"2025-03-18 22:01:21",1881,18.1,81,19.41545,23.66868,19.47151,0
"2025-03-18 22:01:22",1882,18.12,82,19.44251,23.60642,19.50978,0
"2025-03-18 22:01:23",1883,18.12,83,19.45372,23.51169,19.50978,0
"2025-03-18 22:01:24",1884,18.12,84,19.45372,23.42253,19.51539,0
"2025-03-18 22:01:25",1885,18.12,85,19.45933,23.33892,19.52099,0
"2025-03-18 22:01:26",1886,18.12,86,19.46493,23.25531,19.52099,0
"2025-03-18 22:01:27",1887,18.1,87,19.43787,23.14478,19.49954,0
"2025-03-18 22:01:28",1888,18.12,88,19.46493,23.09362,19.5266,0
"2025-03-18 22:01:29",1889,18.12,89,19.47615,23.01556,19.5266,0
"2025-03-18 22:01:30",1890,18.1,90,19.44909,22.91614,19.50515,0
"2025-03-18 22:01:31",1891,18.12,91,19.47615,22.87055,19.53221,0
"2025-03-18 22:01:32",1892,18.1,92,19.44909,22.77669,19.50515,0
"2025-03-18 22:01:33",1893,18.1,93,19.44909,22.70974,19.50515,0
"2025-03-18 22:01:34",1894,18.12,94,19.48175,22.66413,19.53221,0
"2025-03-18 22:01:35",1895,18.12,95,19.47615,22.60275,19.53221,0
"2025-03-18 22:01:36",1896,18.12,96,19.48175,22.53579,19.53221,0
"2025-03-18 22:01:37",1897,18.1,97,19.4603,22.44188,19.50515,0
"2025-03-18 22:01:38",1898,18.12,98,19.48736,22.413,19.5266,0
"2025-03-18 22:01:39",1899,18.12,99,19.48175,22.3516,19.5266,0
"2025-03-18 22:01:40",1900,18.12,100,19.48736,22.2902,19.5266,0
"2025-03-18 22:01:41",1901,18.12,101,19.48175,22.23437,19.5266,0
"2025-03-18 22:01:42",1902,18.1,102,19.45469,22.15158,19.49394,0
"2025-03-18 22:01:43",1903,18.1,103,19.44909,22.10132,19.49394,0
"2025-03-18 22:01:44",1904,18.12,104,19.47615,22.07802,19.52099,0
"2025-03-18 22:01:45",1905,18.12,105,19.47615,22.02217,19.52099,0
"2025-03-18 22:01:46",1906,18.12,106,19.47615,21.9719,19.52099,0
"2025-03-18 22:01:47",1907,18.12,107,19.47615,21.92163,19.50978,0
"2025-03-18 22:01:48",1908,18.12,108,19.47054,21.87695,19.50978,0
"2025-03-18 22:01:49",1909,18.12,109,19.46493,21.82667,19.50978,0
"2025-03-18 22:01:50",1910,18.12,110,19.46493,21.77638,19.50978,0
"2025-03-18 22:01:51",1911,18.12,111,19.46493,21.73169,19.49857,0
"2025-03-18 22:01:52",1912,18.12,112,19.45933,21.69816,19.49857,0
"2025-03-18 22:01:53",1913,18.12,113,19.45372,21.65346,19.49857,0
"2025-03-18 22:01:54",1914,18.12,114,19.45372,21.60875,19.48736,0
"2025-03-18 22:01:55",1915,18.12,115,19.45372,21.56404,19.48736,0
"2025-03-18 22:01:56",1916,18.1,116,19.42666,21.49236,19.4603,0
"2025-03-18 22:01:57",1917,18.1,117,19.41545,21.45882,19.45469,0
"2025-03-18 22:01:58",1918,18.12,118,19.44251,21.45226,19.47615,0
"2025-03-18 22:01:59",1919,18.1,119,19.41545,21.38056,19.44348,0
"2025-03-18 22:02:00",1920,18.1,120,19.40423,21.34702,19.43787,0
"2025-03-18 22:02:01",1921,18.12,121,19.43129,21.34045,19.46493,0
"2025-03-18 22:02:02",1922,18.12,122,19.43129,21.30132,19.46493,0
"2025-03-18 22:02:03",1923,18.12,123,19.42008,21.26218,19.45372,0
"2025-03-18 22:02:04",1924,18.1,124,19.39302,21.20164,19.42666,0
"2025-03-18 22:02:05",1925,18.1,125,19.38741,21.16809,19.42105,0
"2025-03-18 22:02:06",1926,18.12,126,19.40887,21.16153,19.44251,0
"2025-03-18 22:02:07",1927,18.12,127,19.40887,21.12797,19.4369,0
"2025-03-18 22:02:08",1928,18.12,128,19.40887,21.09442,19.4369,0
"2025-03-18 22:02:09",1929,18.12,129,19.39765,21.06645,19.43129,0
"2025-03-18 22:02:10",1930,18.12,130,19.39765,21.03849,19.43129,0
"2025-03-18 22:02:11",1931,18.1,131,19.36498,20.97793,19.39302,0
"2025-03-18 22:02:12",1932,18.12,132,19.38644,20.97696,19.42008,0
"2025-03-18 22:02:13",1933,18.1,133,19.35937,20.92199,19.38741,0
"2025-03-18 22:02:14",1934,18.12,134,19.37523,20.91543,19.40887,0
"2025-03-18 22:02:15",1935,18.12,135,19.37523,20.89305,19.40887,0
"2025-03-18 22:02:16",1936,18.12,136,19.37523,20.85948,19.39765,0
"2025-03-18 22:02:17",1937,18.12,137,19.36401,20.8371,19.39765,0
"2025-03-18 22:02:18",1938,18.12,138,19.36401,20.80912,19.38644,0
"2025-03-18 22:02:19",1939,18.12,139,19.36401,20.78115,19.38644,0
"2025-03-18 22:02:20",1940,18.12,140,19.35279,20.75877,19.38083,0
"2025-03-18 22:02:21",1941,18.12,141,19.35279,20.73079,19.37523,0
"2025-03-18 22:02:22",1942,18.12,142,19.34719,20.70281,19.37523,0
"2025-03-18 22:02:23",1943,18.12,143,19.34158,20.68042,19.36401,0
"2025-03-18 22:02:24",1944,18.12,144,19.33036,20.65804,19.36401,0
"2025-03-18 22:02:25",1945,18.12,145,19.33036,20.63565,19.35279,0
"2025-03-18 22:02:26",1946,18.12,146,19.33036,20.61327,19.35279,0
"2025-03-18 22:02:27",1947,18.12,147,19.31915,20.59088,19.34719,0
"2025-03-18 22:02:28",1948,18.12,148,19.31915,20.56849,19.34158,0
"2025-03-18 22:02:29",1949,18.12,149,19.31354,20.5461,19.34158,0
"2025-03-18 22:02:30",1950,18.12,150,19.30793,20.52371,19.33036,0
"2025-03-18 22:02:31",1951,18.1,151,19.28087,20.4743,19.3033,0
"2025-03-18 22:02:32",1952,18.12,152,19.30233,20.47893,19.31915,0
"2025-03-18 22:02:33",1953,18.12,153,19.29672,20.45654,19.31915,0
"2025-03-18 22:02:34",1954,18.12,154,19.2855,20.43414,19.31354,0
"2025-03-18 22:02:35",1955,18.1,155,19.25843,20.39033,19.28087,0
"2025-03-18 22:02:36",1956,18.12,156,19.2855,20.40055,19.30793,0
"2025-03-18 22:02:37",1957,18.12,157,19.27989,20.37816,19.29672,0
"2025-03-18 22:02:38",1958,18.12,158,19.27429,20.35576,19.29672,0
"2025-03-18 22:02:39",1959,18.12,159,19.26307,20.34457,19.2855,0
"2025-03-18 22:02:40",1960,18.12,160,19.26307,20.32217,19.2855,0
"2025-03-18 22:02:41",1961,18.12,161,19.25746,20.29977,19.2855,0
"2025-03-18 22:02:42",1962,18.12,162,19.25185,20.28297,19.27429,0
"2025-03-18 22:02:43",1963,18.12,163,19.25185,20.26617,19.27429,0
"2025-03-18 22:02:44",1964,18.12,164,19.24064,20.24937,19.26307,0
"2025-03-18 22:02:45",1965,18.12,165,19.24064,20.23258,19.25746,0
"2025-03-18 22:02:46",1966,18.1,166,19.20796,20.18315,19.23039,0
"2025-03-18 22:02:47",1967,18.12,167,19.22942,20.19897,19.25185,0
"2025-03-18 22:02:48",1968,18.12,168,19.22942,20.17657,19.24625,0
"2025-03-18 22:02:49",1969,18.12,169,19.2182,20.16537,19.24064,0
"2025-03-18 22:02:50",1970,18.12,170,19.2182,20.14297,19.24064,0
"2025-03-18 22:02:51",1971,18.12,171,19.21259,20.13177,19.22942,0
"2025-03-18 22:02:52",1972,18.12,172,19.20699,20.11496,19.22942,0
"2025-03-18 22:02:53",1973,18.12,173,19.20699,20.09816,19.22381,0
"2025-03-18 22:02:54",1974,18.12,174,19.19577,20.08696,19.2182,0
"2025-03-18 22:02:55",1975,18.12,175,19.19577,20.06455,19.2182,0
"2025-03-18 22:02:56",1976,18.12,176,19.19577,20.05335,19.20699,0
"2025-03-18 22:02:57",1977,18.12,177,19.18455,20.04215,19.20699,0
"2025-03-18 22:02:58",1978,18.12,178,19.18455,20.01974,19.20138,0
"2025-03-18 22:02:59",1979,18.12,179,19.17333,20.00854,19.19577,0
"2025-03-18 22:03:00",1980,18.12,180,19.17333,19.99733,19.19577,0
"2025-03-18 22:03:01",1981,18.12,181,19.17333,19.98053,19.18455,0
"2025-03-18 22:03:02",1982,18.12,182,19.16212,19.96932,19.18455,0
"2025-03-18 22:03:03",1983,18.12,183,19.16212,19.95252,19.17894,0
"2025-03-18 22:03:04",1984,18.12,184,19.16212,19.94131,19.17333,0
"2025-03-18 22:03:05",1985,18.12,185,19.1509,19.93011,19.17333,0
"2025-03-18 22:03:06",1986,18.12,186,19.1509,19.9189,19.16212,0
"2025-03-18 22:03:07",1987,18.12,187,19.14529,19.90209,19.16212,0
"2025-03-18 22:03:08",1988,18.12,188,19.13968,19.89089,19.15651,0
"2025-03-18 22:03:09",1989,18.12,189,19.13407,19.87408,19.1509,0
"2025-03-18 22:03:10",1990,18.12,190,19.12846,19.86287,19.1509,0
"2025-03-18 22:03:11",1991,18.12,191,19.12846,19.85167,19.13968,0
"2025-03-18 22:03:12",1992,18.12,192,19.12285,19.84046,19.13968,0
"2025-03-18 22:03:13",1993,18.12,193,19.11724,19.82925,19.13968,0
"2025-03-18 22:03:14",1994,18.12,194,19.11724,19.81804,19.12846,0
"2025-03-18 22:03:15",1995,18.12,195,19.11724,19.80684,19.12846,0
"2025-03-18 22:03:16",1996,18.12,196,19.10602,19.79563,19.12285,0
"2025-03-18 22:03:17",1997,18.12,197,19.10602,19.78442,19.11724,0
"2025-03-18 22:03:18",1998,18.12,198,19.10041,19.77321,19.11724,0
"2025-03-18 22:03:19",1999,18.12,199,19.0948,19.76201,19.11163,0
"2025-03-18 22:03:20",2000,18.12,200,19.0948,19.7452,19.10602,0
"2025-03-18 22:03:21",2001,18.12,201,19.08358,19.73959,19.10602,0
"2025-03-18 22:03:22",2002,18.12,202,19.08358,19.72838,19.0948,0
"2025-03-18 22:03:23",2003,18.12,203,19.07797,19.71157,19.0948,0
"2025-03-18 22:03:24",2004,18.12,204,19.07237,19.70597,19.08919,0
"2025-03-18 22:03:25",2005,18.12,205,19.07237,19.69476,19.08919,0
"2025-03-18 22:03:26",2006,18.12,206,19.06676,19.68355,19.08358,0
"2025-03-18 22:03:27",2007,18.12,207,19.06115,19.67234,19.07797,0
"2025-03-18 22:03:28",2008,18.12,208,19.06115,19.66113,19.07797,0
"2025-03-18 22:03:29",2009,18.12,209,19.05554,19.64992,19.07237,0
"2025-03-18 22:03:30",2010,18.12,210,19.04992,19.64432,19.06676,0
"2025-03-18 22:03:31",2011,18.12,211,19.04992,19.63871,19.06676,0
"2025-03-18 22:03:32",2012,18.12,212,19.04432,19.6275,19.05554,0
"2025-03-18 22:03:33",2013,18.12,213,19.03871,19.61629,19.05554,0
"2025-03-18 22:03:34",2014,18.12,214,19.03871,19.60508,19.04992,0
"2025-03-18 22:03:35",2015,18.12,215,19.02749,19.59387,19.04992,0
"2025-03-18 22:03:36",2016,18.12,216,19.02749,19.58266,19.04432,0
"2025-03-18 22:03:37",2017,18.12,217,19.02749,19.57705,19.03871,0
"2025-03-18 22:03:38",2018,18.12,218,19.02188,19.57145,19.03871,0
"2025-03-18 22:03:39",2019,18.12,219,19.01626,19.56024,19.03309,0
"2025-03-18 22:03:40",2020,18.12,220,19.01626,19.54902,19.02749,0
"2025-03-18 22:03:41",2021,18.12,221,19.01065,19.53781,19.02749,0
"2025-03-18 22:03:42",2022,18.12,222,19.00504,19.5266,19.02188,0
"2025-03-18 22:03:43",2023,18.12,223,19.00504,19.5266,19.01626,0
"2025-03-18 22:03:44",2024,18.12,224,18.99943,19.51539,19.01626,0
"2025-03-18 22:03:45",2025,18.12,225,18.99382,19.50418,19.01065,0
"2025-03-18 22:03:46",2026,18.12,226,18.99382,19.49857,19.01065,0
"2025-03-18 22:03:47",2027,18.12,227,18.98821,19.49297,19.00504,0
"2025-03-18 22:03:48",2028,18.12,228,18.9826,19.48175,18.99943,0
"2025-03-18 22:03:49",2029,18.12,229,18.9826,19.47615,18.99943,0
"2025-03-18 22:03:50",2030,18.12,230,18.9826,19.45933,18.99382,0
"2025-03-18 22:03:51",2031,18.12,231,18.97138,19.45933,18.98821,0
"2025-03-18 22:03:52",2032,18.12,232,18.97138,19.44811,18.98821,0
"2025-03-18 22:03:53",2033,18.12,233,18.97138,19.44811,18.9826,0
"2025-03-18 22:03:54",2034,18.12,234,18.96016,19.4369,18.97699,0
"2025-03-18 22:03:55",2035,18.12,235,18.96016,19.42569,18.97138,0
"2025-03-18 22:03:56",2036,18.12,236,18.96016,19.41447,18.97138,0
"2025-03-18 22:03:57",2037,18.12,237,18.96016,19.41447,18.97138,0
"2025-03-18 22:03:58",2038,18.12,238,18.94894,19.40326,18.96577,0
"2025-03-18 22:03:59",2039,18.12,239,18.94894,19.39765,18.96016,0
"2025-03-18 22:04:00",2040,18.12,240,18.94333,19.39204,18.96016,0
"2025-03-18 22:04:01",2041,18.12,241,18.93772,19.38083,18.95455,0
"2025-03-18 22:04:02",2042,18.12,242,18.93772,19.37523,18.95455,0
"2025-03-18 22:04:03",2043,18.12,243,18.93772,19.36962,18.94894,0
"2025-03-18 22:04:04",2044,18.12,244,18.92649,19.3584,18.94894,0
"2025-03-18 22:04:05",2045,18.12,245,18.92649,19.3584,18.94333,0
"2025-03-18 22:04:06",2046,18.12,246,18.92649,19.34719,18.93772,0
"2025-03-18 22:04:07",2047,18.12,247,18.92089,19.34158,18.93772,0
"2025-03-18 22:04:08",2048,18.12,248,18.91527,19.33597,18.93211,0
"2025-03-18 22:04:09",2049,18.12,249,18.91527,19.32476,18.92649,0
"2025-03-18 22:04:10",2050,18.12,250,18.91527,19.31915,18.92649,0
"2025-03-18 22:04:11",2051,18.12,251,18.90966,19.31354,18.92649,0
"2025-03-18 22:04:12",2052,18.12,252,18.90405,19.30793,18.92089,0
"2025-03-18 22:04:13",2053,18.12,253,18.90405,19.30233,18.91527,0
"2025-03-18 22:04:14",2054,18.12,254,18.90405,19.29111,18.91527,0
"2025-03-18 22:04:15",2055,18.12,255,18.89283,19.29111,18.91527,0
"2025-03-18 22:04:16",2056,18.12,256,18.89283,19.27989,18.90405,0
"2025-03-18 22:04:17",2057,18.12,257,18.89283,19.27989,18.90405,0
"2025-03-18 22:04:18",2058,18.12,258,18.88722,19.26868,18.89844,0
"2025-03-18 22:04:19",2059,18.12,259,18.88161,19.26307,18.89844,0
"2025-03-18 22:04:20",2060,18.12,260,18.88161,19.25746,18.89844,0
"2025-03-18 22:04:21",2061,18.12,261,18.88161,19.24625,18.89283,0
"2025-03-18 22:04:22",2062,18.12,262,18.876,19.24625,18.88722,0
"2025-03-18 22:04:23",2063,18.12,263,18.87038,19.23503,18.88722,0
"2025-03-18 22:04:24",2064,18.12,264,18.87038,19.23503,18.88161,0
"2025-03-18 22:04:25",2065,18.12,265,18.87038,19.22381,18.88161,0
"2025-03-18 22:04:26",2066,18.12,266,18.85916,19.22381,18.876,0
"2025-03-18 22:04:27",2067,18.12,267,18.85916,19.2182,18.876,0
"2025-03-18 22:04:28",2068,18.12,268,18.85916,19.21259,18.87038,0
"2025-03-18 22:04:29",2069,18.12,269,18.85916,19.20138,18.87038,0
"2025-03-18 22:04:30",2070,18.12,270,18.84794,19.19577,18.86477,0
"2025-03-18 22:04:31",2071,18.12,271,18.84794,19.19016,18.86477,0
"2025-03-18 22:04:32",2072,18.12,272,18.84794,19.19016,18.85916,0
"2025-03-18 22:04:33",2073,18.12,273,18.84794,19.18455,18.85916,0
"2025-03-18 22:04:34",2074,18.12,274,18.84232,19.17894,18.85355,0
"2025-03-18 22:04:35",2075,18.12,275,18.83672,19.16772,18.85355,0
"2025-03-18 22:04:36",2076,18.12,276,18.83672,19.16772,18.84794,0
"2025-03-18 22:04:37",2077,18.12,277,18.83672,19.15651,18.84794,0
"2025-03-18 22:04:38",2078,18.12,278,18.8311,19.15651,18.84794,0
"2025-03-18 22:04:39",2079,18.12,279,18.8311,19.15651,18.83672,0
"2025-03-18 22:04:40",2080,18.12,280,18.82549,19.14529,18.83672,0
"2025-03-18 22:04:41",2081,18.12,281,18.82549,19.14529,18.83672,0
"2025-03-18 22:04:42",2082,18.12,282,18.81427,19.13407,18.8311,0
"2025-03-18 22:04:43",2083,18.12,283,18.81427,19.13407,18.8311,0
"2025-03-18 22:04:44",2084,18.12,284,18.81427,19.12285,18.82549,0
"2025-03-18 22:04:45",2085,18.12,285,18.81427,19.12285,18.82549,0
"2025-03-18 22:04:46",2086,18.12,286,18.80865,19.11724,18.82549,0
"2025-03-18 22:04:47",2087,18.12,287,18.80865,19.11163,18.81988,0
"2025-03-18 22:04:48",2088,18.12,288,18.80304,19.11163,18.81427,0
"2025-03-18 22:04:49",2089,18.12,289,18.80304,19.10041,18.81427,0
"2025-03-18 22:04:50",2090,18.12,290,18.79182,19.10041,18.81427,0
"2025-03-18 22:04:51",2091,18.12,291,18.79182,19.08919,18.81427,0
"2025-03-18 22:04:52",2092,18.12,292,18.79182,19.08919,18.80865,0
"2025-03-18 22:04:53",2093,18.12,293,18.79182,19.08919,18.80865,0
"2025-03-18 22:04:54",2094,18.12,294,18.79182,19.07797,18.80304,0
"2025-03-18 22:04:55",2095,18.12,295,18.78621,19.07797,18.80304,0
"2025-03-18 22:04:56",2096,18.12,296,18.78621,19.06676,18.79743,0
"2025-03-18 22:04:57",2097,18.12,297,18.78059,19.06676,18.79182,0
"2025-03-18 22:04:58",2098,18.12,298,18.78059,19.06115,18.79182,0
"2025-03-18 22:04:59",2099,18.12,299,18.78059,19.05554,18.78621,0
"2025-03-19 00:00:00",2100,18.05,0,17.93445,17.94569,17.95131,0
"2025-03-19 00:00:01",2101,18.05,1,17.93445,17.94569,17.95131,0
"2025-03-19 00:00:02",2102,18.05,2,17.93445,17.94569,17.95131,0
"2025-03-19 00:00:03",2103,18.05,3,17.93445,17.94569,17.95131,0
"2025-03-19 00:00:04",2104,18.05,4,17.93445,17.94569,17.95131,0
"2025-03-19 00:00:05",2105,18.05,5,17.93445,17.94007,17.94569,0
"2025-03-19 00:00:06",2106,18.05,6,17.93445,17.94569,17.95131,0
"2025-03-19 00:00:07",2107,18.05,7,17.93445,17.94007,17.94569,0
"2025-03-19 00:00:08",2108,18.05,8,17.93445,22.59342,17.95131,303.1
"2025-03-19 00:00:09",2109,18.05,9,17.93445,28.08958,17.94569,303.1
"2025-03-19 00:00:10",2110,18.05,10,17.93445,32.59064,17.95131,302.5
"2025-03-19 00:00:11",2111,18.05,11,17.94007,36.40619,17.95131,301.8
"2025-03-19 00:00:12",2112,18.05,12,17.93445,39.73271,17.95131,301.8
"2025-03-19 00:00:13",2113,18.05,13,17.93445,42.67485,17.94569,301.8
"2025-03-19 00:00:14",2114,18.05,14,17.93445,45.30959,17.95131,301.8
"2025-03-19 00:00:15",2115,18.05,15,17.93445,47.71854,17.94569,300.8
"2025-03-19 00:00:16",2116,18.05,16,17.93445,49.92612,17.95131,300.4
"2025-03-19 00:00:17",2117,18.05,17,17.93445,51.93426,17.95131,300.4
"2025-03-19 00:00:18",2118,18.05,18,17.94007,53.80869,17.95131,300.4
"2025-03-19 00:00:19",2119,18.05,19,17.94007,55.53451,17.95131,300.4
"2025-03-19 00:00:20",2120,18.05,20,17.94007,57.16061,17.95693,300.4
"2025-03-19 00:00:21",2121,18.05,21,17.94569,58.71944,17.96255,300.1
"2025-03-19 00:00:22",2122,18.05,22,17.95693,60.17974,17.97379,299.1
"2025-03-19 00:00:23",2123,18.05,23,17.95693,57.60633,17.9794,0
"2025-03-19 00:00:24",2124,18.05,24,17.96817,54.00065,17.99064,0
"2025-03-19 00:00:25",2125,18.05,25,17.9794,51.09957,18.01312,0
"2025-03-19 00:00:26",2126,18.05,26,17.99626,48.68623,18.02435,0
"2025-03-19 00:00:27",2127,18.05,27,18.01312,46.62019,18.04683,0
"2025-03-19 00:00:28",2128,18.05,28,18.03559,44.83976,18.0693,0
"2025-03-19 00:00:29",2129,18.05,29,18.05807,43.28125,18.09739,0
"2025-03-19 00:00:30",2130,18.05,30,18.08054,41.87814,18.12548,0
"2025-03-19 00:00:31",2131,18.05,31,18.10301,40.62429,18.15357,0
"2025-03-19 00:00:32",2132,18.05,32,18.13672,39.48786,18.18727,0
"2025-03-19 00:00:33",2133,18.05,33,18.17042,38.464,18.22098,0
"2025-03-19 00:00:34",2134,18.05,34,18.20413,37.52593,18.26029,0
"2025-03-19 00:00:35",2135,18.05,35,18.23783,36.66307,18.29961,0
"2025-03-19 00:00:36",2136,18.05,36,18.27153,35.87024,18.33892,0
"2025-03-19 00:00:37",2137,18.05,37,18.31646,35.13673,18.38385,0
"2025-03-19 00:00:38",2138,18.05,38,18.35015,34.45725,18.41754,0
"2025-03-19 00:00:39",2139,18.05,39,18.38946,33.83196,18.46246,0
"2025-03-19 00:00:40",2140,18.05,40,18.42315,33.23905,18.50738,0
"2025-03-19 00:00:41",2141,18.05,41,18.46807,32.68959,18.54668,0
"2025-03-19 00:00:42",2142,18.05,42,18.50176,32.1837,18.58598,0
"2025-03-19 00:00:43",2143,18.05,43,18.54107,31.69944,18.63089,0
"2025-03-19 00:00:44",2144,18.05,44,18.58036,31.24789,18.67018,0
"2025-03-19 00:00:45",2145,18.05,45,18.62527,30.81808,18.71509,0
"2025-03-19 00:00:46",2146,18.05,46,18.65895,30.41558,18.75437,0
"2025-03-19 00:00:47",2147,18.05,47,18.69825,30.03491,18.79366,0
"2025-03-19 00:00:48",2148,18.05,48,18.73753,29.68163,18.82733,0
"2025-03-19 00:00:49",2149,18.05,49,18.77121,29.33922,18.861,0
"2025-03-19 00:00:50",2150,18.05,50,18.80488,29.01874,18.90028,0
"2025-03-19 00:00:51",2151,18.05,51,18.83855,28.70363,18.93395,0
"2025-03-19 00:00:52",2152,18.05,52,18.87222,28.41604,18.962,0
"2025-03-19 00:00:53",2153,18.05,53,18.90589,28.13939,18.99006,0
"2025-03-19 00:00:54",2154,18.05,54,18.92834,27.8737,19.0181,0
"2025-03-19 00:00:55",2155,18.05,55,18.962,27.61898,19.05177,0
"2025-03-19 00:00:56",2156,18.05,56,18.98444,27.37524,19.07981,0
"2025-03-19 00:00:57",2157,18.05,57,19.0181,27.14805,19.10786,0
"2025-03-19 00:00:58",2158,18.05,58,19.04055,26.92632,19.1303,0
"2025-03-19 00:00:59",2159,18.05,59,19.06298,26.72115,19.15273,0
"2025-03-19 00:01:00",2160,18.05,60,19.08542,26.51593,19.17517,0
"2025-03-19 00:01:01",2161,18.05,61,19.10786,26.31618,19.19761,0
"2025-03-19 00:01:02",2162,18.05,62,19.1303,26.13859,19.22004,0
"2025-03-19 00:01:03",2163,18.05,63,19.15273,25.95539,19.24248,0
"2025-03-19 00:01:04",2164,18.05,64,19.16957,25.78325,19.25369,0
"2025-03-19 00:01:05",2165,18.05,65,19.18639,25.61662,19.27612,0
"2025-03-19 00:01:06",2166,18.05,66,19.20882,25.45551,19.28734,0
"2025-03-19 00:01:07",2167,18.05,67,19.22004,25.29991,19.29856,0
"2025-03-19 00:01:08",2168,18.05,68,19.23687,25.14984,19.32099,0
"2025-03-19 00:01:09",2169,18.05,69,19.25369,25.01085,19.3322,0
"2025-03-19 00:01:10",2170,18.05,70,19.26491,24.87184,19.34342,0
"2025-03-19 00:01:11",2171,18.05,71,19.27612,24.74392,19.35463,0
"2025-03-19 00:01:12",2172,18.05,72,19.28734,24.61041,19.36585,0
"2025-03-19 00:01:13",2173,18.05,73,19.29856,24.488,19.37706,0
"2025-03-19 00:01:14",2174,18.05,74,19.30977,24.36557,19.37706,0
"2025-03-19 00:01:15",2175,18.05,75,19.32099,24.24869,19.38828,0
"2025-03-19 00:01:16",2176,18.05,76,19.3322,24.13735,19.39949,0
"2025-03-19 00:01:17",2177,18.05,77,19.34342,24.026,19.41071,0
"2025-03-19 00:01:18",2178,18.05,78,19.34342,23.92019,19.41631,0
"2025-03-19 00:01:19",2179,18.05,79,19.35463,23.81994,19.42192,0
"2025-03-19 00:01:20",2180,18.05,80,19.36024,23.71967,19.42192,0
"2025-03-19 00:01:21",2181,18.05,81,19.36585,23.61939,19.43313,0
"2025-03-19 00:01:22",2182,18.05,82,19.37146,23.53024,19.43313,0
"2025-03-19 00:01:23",2183,18.05,83,19.37706,23.44108,19.43874,0
"2025-03-19 00:01:24",2184,18.05,84,19.38267,23.3519,19.44435,0
"2025-03-19 00:01:25",2185,18.05,85,19.38828,23.26271,19.44995,0
"2025-03-19 00:01:26",2186,18.05,86,19.38828,23.17909,19.44995,0
"2025-03-19 00:01:27",2187,18.05,87,19.39388,23.09545,19.45556,0
"2025-03-19 00:01:28",2188,18.05,88,19.39388,23.01739,19.45556,0
"2025-03-19 00:01:29",2189,18.05,89,19.39949,22.94489,19.45556,0
"2025-03-19 00:01:30",2190,18.05,90,19.39949,22.8668,19.46116,0
"2025-03-19 00:01:31",2191,18.05,91,19.39949,22.79428,19.46116,0
"2025-03-19 00:01:32",2192,18.05,92,19.4051,22.72176,19.46116,0
"2025-03-19 00:01:33",2193,18.05,93,19.41071,22.65481,19.46677,0
"2025-03-19 00:01:34",2194,18.05,94,19.4051,22.58784,19.46116,0
"2025-03-19 00:01:35",2195,18.05,95,19.41071,22.52088,19.46116,0
"2025-03-19 00:01:36",2196,18.05,96,19.41071,22.45949,19.46116,0
"2025-03-19 00:01:37",2197,18.05,97,19.41071,22.39251,19.46116,0
"2025-03-19 00:01:38",2198,18.05,98,19.4051,22.33669,19.45556,0
"2025-03-19 00:01:39",2199,18.05,99,19.41071,22.28086,19.45556,0
"2025-03-19 00:01:40",2200,18.05,100,19.41071,22.21386,19.45556,0
"2025-03-19 00:01:41",2201,18.05,101,19.41071,22.16361,19.45556,0
"2025-03-19 00:01:42",2202,18.05,102,19.41071,22.10218,19.45556,0
"2025-03-19 00:01:43",2203,18.05,103,19.39949,22.05751,19.44995,0
"2025-03-19 00:01:44",2204,18.05,104,19.39949,22.00166,19.44995,0
"2025-03-19 00:01:45",2205,18.05,105,19.39949,21.94581,19.44435,0
"2025-03-19 00:01:46",2206,18.05,106,19.39949,21.90112,19.44435,0
"2025-03-19 00:01:47",2207,18.05,107,19.39949,21.84526,19.44435,0
"2025-03-19 00:01:48",2208,18.05,108,19.39949,21.80057,19.43874,0
"2025-03-19 00:01:49",2209,18.05,109,19.39949,21.75587,19.43874,0
"2025-03-19 00:01:50",2210,18.05,110,19.38828,21.70558,19.43313,0
"2025-03-19 00:01:51",2211,18.05,111,19.38828,21.66088,19.43313,0
"2025-03-19 00:01:52",2212,18.05,112,19.38828,21.61617,19.42192,0
"2025-03-19 00:01:53",2213,18.05,113,19.38267,21.57705,19.42192,0
"2025-03-19 00:01:54",2214,18.05,114,19.37706,21.53234,19.42192,0
"2025-03-19 00:01:55",2215,18.05,115,19.37706,21.48763,19.41071,0
"2025-03-19 00:01:56",2216,18.05,116,19.37706,21.4485,19.41071,0
"2025-03-19 00:01:57",2217,18.05,117,19.36585,21.40937,19.41071,0
"2025-03-19 00:01:58",2218,18.05,118,19.36585,21.37024,19.4051,0
"2025-03-19 00:01:59",2219,18.05,119,19.36585,21.33111,19.39949,0
"2025-03-19 00:02:00",2220,18.05,120,19.35463,21.29756,19.39949,0
"2025-03-19 00:02:01",2221,18.05,121,19.35463,21.26401,19.39388,0
"2025-03-19 00:02:02",2222,18.05,122,19.34903,21.22487,19.38828,0
"2025-03-19 00:02:03",2223,18.05,123,19.34903,21.18573,19.38267,0
"2025-03-19 00:02:04",2224,18.05,124,19.34342,21.15218,19.37706,0
"2025-03-19 00:02:05",2225,18.05,125,19.34342,21.11862,19.37706,0
"2025-03-19 00:02:06",2226,18.05,126,19.33781,21.08507,19.37146,0
"2025-03-19 00:02:07",2227,18.05,127,19.3322,21.0571,19.36585,0
"2025-03-19 00:02:08",2228,18.05,128,19.3322,21.01795,19.36024,0
"2025-03-19 00:02:09",2229,18.05,129,19.32099,20.99557,19.36024,0
"2025-03-19 00:02:10",2230,18.05,130,19.32099,20.96201,19.35463,0
"2025-03-19 00:02:11",2231,18.05,131,19.32099,20.92845,19.34903,0
"2025-03-19 00:02:12",2232,18.05,132,19.31538,20.90607,19.34342,0
"2025-03-19 00:02:13",2233,18.05,133,19.30977,20.8725,19.34342,0
"2025-03-19 00:02:14",2234,18.05,134,19.30416,20.83894,19.3322,0
"2025-03-19 00:02:15",2235,18.05,135,19.29856,20.81656,19.3322,0
"2025-03-19 00:02:16",2236,18.05,136,19.29856,20.78298,19.32099,0
"2025-03-19 00:02:17",2237,18.05,137,19.29295,20.7606,19.32099,0
"2025-03-19 00:02:18",2238,18.05,138,19.28734,20.73262,19.31538,0
"2025-03-19 00:02:19",2239,18.05,139,19.28173,20.70464,19.30977,0
"2025-03-19 00:02:20",2240,18.05,140,19.27612,20.68226,19.30977,0
"2025-03-19 00:02:21",2241,18.05,141,19.27612,20.65987,19.30416,0
"2025-03-19 00:02:22",2242,18.05,142,19.27052,20.63189,19.29856,0
"2025-03-19 00:02:23",2243,18.05,143,19.26491,20.60391,19.29295,0
"2025-03-19 00:02:24",2244,18.05,144,19.2593,20.58152,19.28734,0
"2025-03-19 00:02:25",2245,18.05,145,19.25369,20.55913,19.28734,0
"2025-03-19 00:02:26",2246,18.05,146,19.25369,20.53674,19.27612,0
"2025-03-19 00:02:27",2247,18.05,147,19.24248,20.51435,19.27052,0
"2025-03-19 00:02:28",2248,18.05,148,19.24248,20.49196,19.27052,0
"2025-03-19 00:02:29",2249,18.05,149,19.23687,20.46957,19.26491,0
"2025-03-19 00:02:30",2250,18.05,150,19.23126,20.44718,19.2593,0
"2025-03-19 00:02:31",2251,18.05,151,19.23126,20.42478,19.25369,0
"2025-03-19 00:02:32",2252,18.05,152,19.22004,20.40239,19.24808,0
"2025-03-19 00:02:33",2253,18.05,153,19.22004,20.38,19.24248,0
"2025-03-19 00:02:34",2254,18.05,154,19.20882,20.3576,19.24248,0
"2025-03-19 00:02:35",2255,18.05,155,19.20882,20.3408,19.23126,0
"2025-03-19 00:02:36",2256,18.05,156,19.20322,20.32401,19.23126,0
"2025-03-19 00:02:37",2257,18.05,157,19.19761,20.30161,19.22565,0
"2025-03-19 00:02:38",2258,18.05,158,19.19761,20.27921,19.22004,0
"2025-03-19 00:02:39",2259,18.05,159,19.192,20.26241,19.21443,0
"2025-03-19 00:02:40",2260,18.05,160,19.18639,20.24561,19.20882,0
"2025-03-19 00:02:41",2261,18.05,161,19.18639,20.22321,19.20882,0
"2025-03-19 00:02:42",2262,18.05,162,19.17517,20.20641,19.19761,0
"2025-03-19 00:02:43",2263,18.05,163,19.17517,20.18961,19.19761,0
"2025-03-19 00:02:44",2264,18.05,164,19.16396,20.17281,19.18639,0
"2025-03-19 00:02:45",2265,18.05,165,19.16396,20.15601,19.18078,0
"2025-03-19 00:02:46",2266,18.05,166,19.15834,20.1336,19.18078,0
"2025-03-19 00:02:47",2267,18.05,167,19.15273,20.1224,19.17517,0
"2025-03-19 00:02:48",2268,18.05,168,19.15273,20.1,19.17517,0
"2025-03-19 00:02:49",2269,18.05,169,19.14152,20.08879,19.16957,0
"2025-03-19 00:02:50",2270,18.05,170,19.14152,20.06639,19.16396,0
"2025-03-19 00:02:51",2271,18.05,171,19.1303,20.05519,19.15273,0
"2025-03-19 00:02:52",2272,18.05,172,19.1303,20.04398,19.15273,0
"2025-03-19 00:02:53",2273,18.05,173,19.1303,20.02158,19.14713,0
"2025-03-19 00:02:54",2274,18.05,174,19.11908,20.01037,19.14152,0
"2025-03-19 00:02:55",2275,18.05,175,19.11908,19.98797,19.13591,0
"2025-03-19 00:02:56",2276,18.05,176,19.11908,19.97676,19.13591,0
"2025-03-19 00:02:57",2277,18.05,177,19.10786,19.96556,19.1303,0
"2025-03-19 00:02:58",2278,18.05,178,19.10786,19.94875,19.12469,0
"2025-03-19 00:02:59",2279,18.05,179,19.09665,19.93194,19.11908,0
"2025-03-19 00:03:00",2280,18.05,180,19.09665,19.92074,19.11908,0
"2025-03-19 00:03:01",2281,18.05,181,19.08542,19.90953,19.10786,0
"2025-03-19 00:03:02",2282,18.05,182,19.08542,19.88712,19.10786,0
"2025-03-19 00:03:03",2283,18.05,183,19.08542,19.87592,19.10225,0
"2025-03-19 00:03:04",2284,18.05,184,19.0742,19.86471,19.09665,0
"2025-03-19 00:03:05",2285,18.05,185,19.0742,19.8535,19.09665,0
"2025-03-19 00:03:06",2286,18.05,186,19.0742,19.8423,19.08542,0
"2025-03-19 00:03:07",2287,18.05,187,19.06298,19.83109,19.08542,0
"2025-03-19 00:03:08",2288,18.05,188,19.06298,19.81428,19.08542,0
"2025-03-19 00:03:09",2289,18.05,189,19.05738,19.79747,19.07981,0
"2025-03-19 00:03:10",2290,18.05,190,19.05177,19.78626,19.0686,0
"2025-03-19 00:03:11",2291,18.05,191,19.05177,19.77505,19.0686,0
"2025-03-19 00:03:12",2292,18.05,192,19.04055,19.76385,19.06298,0
"2025-03-19 00:03:13",2293,18.05,193,19.04055,19.75264,19.06298,0
"2025-03-19 00:03:14",2294,18.05,194,19.03493,19.74143,19.05738,0
"2025-03-19 00:03:15",2295,18.05,195,19.02933,19.72462,19.05177,0
"2025-03-19 00:03:16",2296,18.05,196,19.02933,19.71341,19.04615,0
"2025-03-19 00:03:17",2297,18.05,197,19.02933,19.7078,19.04055,0
"2025-03-19 00:03:18",2298,18.05,198,19.0181,19.6966,19.04055,0
"2025-03-19 00:03:19",2299,18.05,199,19.0181,19.67978,19.03493,0
"2025-03-19 00:03:20",2300,18.05,200,19.01249,19.67418,19.02933,0
"2025-03-19 00:03:21",2301,18.05,201,19.00689,19.66297,19.02933,0
"2025-03-19 00:03:22",2302,18.05,202,19.00127,19.65176,19.02372,0
"2025-03-19 00:03:23",2303,18.05,203,18.99566,19.64055,19.0181,0
"2025-03-19 00:03:24",2304,18.05,204,18.99566,19.62934,19.01249,0
"2025-03-19 00:03:25",2305,18.05,205,18.99006,19.61813,19.00689,0
"2025-03-19 00:03:26",2306,18.05,206,18.98444,19.60692,19.00689,0
"2025-03-19 00:03:27",2307,18.05,207,18.98444,19.59571,18.99566,0
"2025-03-19 00:03:28",2308,18.05,208,18.97883,19.5845,18.99566,0
"2025-03-19 00:03:29",2309,18.05,209,18.97322,19.57329,18.99566,0
"2025-03-19 00:03:30",2310,18.05,210,18.97322,19.57329,18.99566,0
"2025-03-19 00:03:31",2311,18.05,211,18.97322,19.56207,18.98444,0
"2025-03-19 00:03:32",2312,18.05,212,18.962,19.55086,18.98444,0
"2025-03-19 00:03:33",2313,18.05,213,18.962,19.53965,18.97883,0
"2025-03-19 00:03:34",2314,18.05,214,18.962,19.52844,18.97322,0
"2025-03-19 00:03:35",2315,18.05,215,18.95639,19.51723,18.97322,0
"2025-03-19 00:03:36",2316,18.05,216,18.95078,19.51162,18.97322,0
"2025-03-19 00:03:37",2317,18.05,217,18.95078,19.50041,18.962,0
"2025-03-19 00:03:38",2318,18.05,218,18.93956,19.4948,18.962,0
"2025-03-19 00:03:39",2319,18.05,219,18.93956,19.48359,18.95639,0
"2025-03-19 00:03:40",2320,18.05,220,18.93956,19.47238,18.95639,0
"2025-03-19 00:03:41",2321,18.05,221,18.93395,19.46116,18.95078,0
"2025-03-19 00:03:42",2322,18.05,222,18.92834,19.46116,18.95078,0
"2025-03-19 00:03:43",2323,18.05,223,18.92834,19.44995,18.93956,0
"2025-03-19 00:03:44",2324,18.05,224,18.91711,19.43874,18.93956,0
"2025-03-19 00:03:45",2325,18.05,225,18.91711,19.42752,18.93395,0
"2025-03-19 00:03:46",2326,18.05,226,18.91711,19.42752,18.93395,0
"2025-03-19 00:03:47",2327,18.05,227,18.90589,19.41631,18.92834,0
"2025-03-19 00:03:48",2328,18.05,228,18.90589,19.4051,18.92834,0
"2025-03-19 00:03:49",2329,18.05,229,18.90589,19.39949,18.92272,0
"2025-03-19 00:03:50",2330,18.05,230,18.90028,19.39388,18.91711,0
"2025-03-19 00:03:51",2331,18.05,231,18.89467,19.38267,18.91711,0
"2025-03-19 00:03:52",2332,18.05,232,18.89467,19.37706,18.9115,0
"2025-03-19 00:03:53",2333,18.05,233,18.89467,19.37146,18.90589,0
"2025-03-19 00:03:54",2334,18.05,234,18.88345,19.36024,18.90589,0
"2025-03-19 00:03:55",2335,18.05,235,18.88345,19.34903,18.90028,0
"2025-03-19 00:03:56",2336,18.05,236,18.88345,19.34342,18.90028,0
"2025-03-19 00:03:57",2337,18.05,237,18.87784,19.33781,18.89467,0
"2025-03-19 00:03:58",2338,18.05,238,18.87222,19.3266,18.89467,0
"2025-03-19 00:03:59",2339,18.05,239,18.87222,19.3266,18.88906,0
"2025-03-19 00:04:00",2340,18.05,240,18.87222,19.31538,18.88345,0
"2025-03-19 00:04:01",2341,18.05,241,18.86661,19.30977,18.88345,0
"2025-03-19 00:04:02",2342,18.05,242,18.861,19.30416,18.87784,0
"2025-03-19 00:04:03",2343,18.05,243,18.85539,19.29295,18.87222,0
"2025-03-19 00:04:04",2344,18.05,244,18.861,19.28734,18.87222,0
"2025-03-19 00:04:05",2345,18.05,245,18.84978,19.28173,18.861,0
"2025-03-19 00:04:06",2346,18.05,246,18.84978,19.27052,18.861,0
"2025-03-19 00:04:07",2347,18.05,247,18.84416,19.26491,18.861,0
"2025-03-19 00:04:08",2348,18.05,248,18.83855,19.2593,18.861,0
"2025-03-19 00:04:09",2349,18.05,249,18.83855,19.25369,18.85539,0
"2025-03-19 00:04:10",2350,18.05,250,18.83855,19.24808,18.84978,0
"2025-03-19 00:04:11",2351,18.05,251,18.82733,19.24248,18.84978,0
"2025-03-19 00:04:12",2352,18.05,252,18.82733,19.23126,18.84416,0
"2025-03-19 00:04:13",2353,18.05,253,18.82733,19.22565,18.84416,0
"2025-03-19 00:04:14",2354,18.05,254,18.82733,19.22004,18.83855,0
"2025-03-19 00:04:15",2355,18.05,255,18.82172,19.21443,18.83855,0
"2025-03-19 00:04:16",2356,18.05,256,18.81611,19.20882,18.83294,0
"2025-03-19 00:04:17",2357,18.05,257,18.81611,19.20322,18.82733,0
"2025-03-19 00:04:18",2358,18.05,258,18.81049,19.19761,18.82733,0
"2025-03-19 00:04:19",2359,18.05,259,18.80488,19.192,18.82733,0
"2025-03-19 00:04:20",2360,18.05,260,18.80488,19.18078,18.81611,0
"2025-03-19 00:04:21",2361,18.05,261,18.80488,19.18078,18.81611,0
"2025-03-19 00:04:22",2362,18.05,262,18.79366,19.16957,18.81611,0
"2025-03-19 00:04:23",2363,18.05,263,18.79366,19.16957,18.81049,0
"2025-03-19 00:04:24",2364,18.05,264,18.79366,19.15834,18.81611,0
"2025-03-19 00:04:25",2365,18.05,265,18.79366,19.15834,18.80488,0
"2025-03-19 00:04:26",2366,18.05,266,18.78805,19.14713,18.80488,0
"2025-03-19 00:04:27",2367,18.05,267,18.78243,19.14152,18.80488,0
"2025-03-19 00:04:28",2368,18.05,268,18.78243,19.13591,18.79927,0
"2025-03-19 00:04:29",2369,18.05,269,18.77682,19.13591,18.79366,0
"2025-03-19 00:04:30",2370,18.05,270,18.77682,19.12469,18.79366,0
"2025-03-19 00:04:31",2371,18.05,271,18.77121,19.11908,18.78805,0
"2025-03-19 00:04:32",2372,18.05,272,18.77121,19.11347,18.78805,0
"2025-03-19 00:04:33",2373,18.05,273,18.77121,19.11347,18.78243,0
"2025-03-19 00:04:34",2374,18.05,274,18.75998,19.10225,18.78243,0
"2025-03-19 00:04:35",2375,18.05,275,18.75998,19.10225,18.78243,0
"2025-03-19 00:04:36",2376,18.05,276,18.75998,19.09665,18.77682,0
"2025-03-19 00:04:37",2377,18.05,277,18.75437,19.09103,18.77121,0
"2025-03-19 00:04:38",2378,18.05,278,18.75437,19.08542,18.77121,0
"2025-03-19 00:04:39",2379,18.05,279,18.74876,19.07981,18.77121,0
"2025-03-19 00:04:40",2380,18.05,280,18.74876,19.0742,18.7656,0
"2025-03-19 00:04:41",2381,18.05,281,18.74876,19.0686,18.75998,0
"2025-03-19 00:04:42",2382,18.05,282,18.74876,19.0686,18.75998,0
"2025-03-19 00:04:43",2383,18.05,283,18.74315,19.05738,18.75998,0
"2025-03-19 00:04:44",2384,18.05,284,18.73753,19.05738,18.75998,0
"2025-03-19 00:04:45",2385,18.05,285,18.73753,19.05177,18.74876,0
"2025-03-19 00:04:46",2386,18.05,286,18.73192,19.04615,18.74876,0
"2025-03-19 00:04:47",2387,18.05,287,18.73192,19.04615,18.74876,0
"2025-03-19 00:04:48",2388,18.05,288,18.72631,19.03493,18.74876,0
"2025-03-19 00:04:49",2389,18.05,289,18.72631,19.02933,18.74315,0
"2025-03-19 00:04:50",2390,18.05,290,18.72631,19.02372,18.74315,0
"2025-03-19 00:04:51",2391,18.05,291,18.7207,19.02372,18.73753,0
"2025-03-19 00:04:52",2392,18.05,292,18.7207,19.01249,18.73753,0
"2025-03-19 00:04:53",2393,18.05,293,18.71509,19.01249,18.73753,0
"2025-03-19 00:04:54",2394,18.05,294,18.71509,19.00689,18.72631,0
"2025-03-19 00:04:55",2395,18.05,295,18.71509,19.00127,18.72631,0
"2025-03-19 00:04:56",2396,18.05,296,18.70947,19.00127,18.72631,0
"2025-03-19 00:04:57",2397,18.05,297,18.70386,18.99006,18.72631,0
"2025-03-19 00:04:58",2398,18.05,298,18.70386,18.99006,18.7207,0
"2025-03-19 00:04:59",2399,18.05,299,18.70386,18.98444,18.71509,0
"2025-03-19 02:00:00",2400,17.99,0,17.9162,17.92182,17.92182,0
"2025-03-19 02:00:01",2401,17.99,1,17.91058,17.92182,17.92182,0
"2025-03-19 02:00:02",2402,17.99,2,17.9162,17.92182,17.92182,0
"2025-03-19 02:00:03",2403,17.99,3,17.9162,17.92182,17.92182,0
"2025-03-19 02:00:04",2404,17.99,4,17.9162,17.92182,17.92182,0
"2025-03-19 02:00:05",2405,17.99,5,17.9162,17.92182,17.92182,0
"2025-03-19 02:00:06",2406,17.99,6,17.9162,17.92182,17.92182,0
"2025-03-19 02:00:07",2407,17.99,7,17.91058,17.92182,17.92182,0
"2025-03-19 02:00:08",2408,17.99,8,17.9162,22.56972,17.92182,303.1
"2025-03-19 02:00:09",2409,17.99,9,17.91058,28.0716,17.92182,303.1
"2025-03-19 02:00:10",2410,17.99,10,17.9162,32.56729,17.92182,301.8
"2025-03-19 02:00:11",2411,17.99,11,17.91058,36.38297,17.92182,301.8
"2025-03-19 02:00:12",2412,17.99,12,17.9162,39.70959,17.92182,301.8
"2025-03-19 02:00:13",2413,17.99,13,17.91058,42.65184,17.92182,301.8
"2025-03-19 02:00:14",2414,17.99,14,17.9162,45.29208,17.92182,301.8
"2025-03-19 02:00:15",2415,17.99,15,17.91058,47.71722,17.92182,300.4
"2025-03-19 02:00:16",2416,17.99,16,17.9162,49.90872,17.92182,300.4
"2025-03-19 02:00:17",2417,17.99,17,17.9162,51.90087,17.92744,300.4
"2025-03-19 02:00:18",2418,17.99,18,17.9162,53.79138,17.92744,300.4
"2025-03-19 02:00:19",2419,17.99,19,17.9162,55.51725,17.92744,300.4
"2025-03-19 02:00:20",2420,17.99,20,17.9162,57.14338,17.93306,300.4
"2025-03-19 02:00:21",2421,17.99,21,17.92744,58.70226,17.93867,300.1
"2025-03-19 02:00:22",2422,17.99,22,17.92744,60.1626,17.94991,299.1
"2025-03-19 02:00:23",2423,17.99,23,17.93867,57.57321,17.95553,0
"2025-03-19 02:00:24",2424,17.99,24,17.94429,53.95137,17.96677,0
"2025-03-19 02:00:25",2425,17.99,25,17.96115,51.06614,17.98363,0
"2025-03-19 02:00:26",2426,17.99,26,17.97239,48.6688,18.00049,0
"2025-03-19 02:00:27",2427,17.99,27,17.98925,46.60271,18.02296,0
"2025-03-19 02:00:28",2428,17.99,28,18.00611,44.82224,18.04543,0
"2025-03-19 02:00:29",2429,17.99,29,18.02858,43.24203,18.06791,0
"2025-03-19 02:00:30",2430,17.99,30,18.05105,41.83883,18.10162,0
"2025-03-19 02:00:31",2431,17.99,31,18.08476,40.59034,18.12971,0
"2025-03-19 02:00:32",2432,17.99,32,18.10723,39.4593,18.16341,0
"2025-03-19 02:00:33",2433,17.99,33,18.14094,38.4245,18.19711,0
"2025-03-19 02:00:34",2434,17.99,34,18.17464,37.48637,18.23643,0
"2025-03-19 02:00:35",2435,17.99,35,18.20835,36.63439,18.27575,0
"2025-03-19 02:00:36",2436,17.99,36,18.24205,35.84153,18.32068,0
"2025-03-19 02:00:37",2437,17.99,37,18.28698,35.10251,18.35438,0
"2025-03-19 02:00:38",2438,17.99,38,18.32068,34.42847,18.39369,0
"2025-03-19 02:00:39",2439,17.99,39,18.35999,33.80316,18.43299,0
"2025-03-19 02:00:40",2440,17.99,40,18.39369,33.21023,18.47791,0
"2025-03-19 02:00:41",2441,17.99,41,18.43861,32.66075,18.52283,0
"2025-03-19 02:00:42",2442,17.99,42,18.4723,32.15483,18.56213,0
"2025-03-19 02:00:43",2443,17.99,43,18.51721,31.67055,18.60704,0
"2025-03-19 02:00:44",2444,17.99,44,18.56213,31.21898,18.64072,0
"2025-03-19 02:00:45",2445,17.99,45,18.59581,30.78915,18.68563,0
"2025-03-19 02:00:46",2446,17.99,46,18.63511,30.39215,18.72492,0
"2025-03-19 02:00:47",2447,17.99,47,18.6744,30.01147,18.7642,0
"2025-03-19 02:00:48",2448,17.99,48,18.70808,29.65265,18.80349,0
"2025-03-19 02:00:49",2449,17.99,49,18.74175,29.31023,18.83716,0
"2025-03-19 02:00:50",2450,17.99,50,18.77543,28.98973,18.87644,0
"2025-03-19 02:00:51",2451,17.99,51,18.8091,28.68014,18.9045,0
"2025-03-19 02:00:52",2452,17.99,52,18.84277,28.38701,18.93817,0
"2025-03-19 02:00:53",2453,17.99,53,18.87644,28.11034,18.96622,0
"2025-03-19 02:00:54",2454,17.99,54,18.9045,27.84464,18.99988,0
"2025-03-19 02:00:55",2455,17.99,55,18.93255,27.59545,19.02793,0
"2025-03-19 02:00:56",2456,17.99,56,18.955,27.35171,19.05598,0
"2025-03-19 02:00:57",2457,17.99,57,18.98866,27.1245,19.08403,0
"2025-03-19 02:00:58",2458,17.99,58,19.0111,26.90276,19.10086,0
"2025-03-19 02:00:59",2459,17.99,59,19.03354,26.69205,19.12891,0
"2025-03-19 02:01:00",2460,17.99,60,19.06159,26.48681,19.15134,0
"2025-03-19 02:01:01",2461,17.99,61,19.08403,26.29261,19.17378,0
"2025-03-19 02:01:02",2462,17.99,62,19.10086,26.10391,19.19061,0
"2025-03-19 02:01:03",2463,17.99,63,19.1233,25.92625,19.21304,0
"2025-03-19 02:01:04",2464,17.99,64,19.14573,25.74855,19.22426,0
"2025-03-19 02:01:05",2465,17.99,65,19.15695,25.59302,19.24669,0
"2025-03-19 02:01:06",2466,17.99,66,19.17939,25.42634,19.25791,0
"2025-03-19 02:01:07",2467,17.99,67,19.19061,25.27074,19.27473,0
"2025-03-19 02:01:08",2468,17.99,68,19.20743,25.12622,19.29156,0
"2025-03-19 02:01:09",2469,17.99,69,19.22426,24.98167,19.30277,0
"2025-03-19 02:01:10",2470,17.99,70,19.23548,24.84821,19.31399,0
"2025-03-19 02:01:11",2471,17.99,71,19.24669,24.71472,19.3252,0
"2025-03-19 02:01:12",2472,17.99,72,19.25791,24.58121,19.33642,0
"2025-03-19 02:01:13",2473,17.99,73,19.26912,24.4588,19.34763,0
"2025-03-19 02:01:14",2474,17.99,74,19.28034,24.34193,19.35885,0
"2025-03-19 02:01:15",2475,17.99,75,19.29156,24.22504,19.36446,0
"2025-03-19 02:01:16",2476,17.99,76,19.30277,24.10814,19.37567,0
"2025-03-19 02:01:17",2477,17.99,77,19.31399,24.00234,19.38128,0
"2025-03-19 02:01:18",2478,17.99,78,19.3196,23.89096,19.38688,0
"2025-03-19 02:01:19",2479,17.99,79,19.3252,23.79071,19.39249,0
"2025-03-19 02:01:20",2480,17.99,80,19.33642,23.69044,19.3981,0
"2025-03-19 02:01:21",2481,17.99,81,19.33642,23.59572,19.40931,0
"2025-03-19 02:01:22",2482,17.99,82,19.34763,23.50099,19.41492,0
"2025-03-19 02:01:23",2483,17.99,83,19.34763,23.41183,19.41492,0
"2025-03-19 02:01:24",2484,17.99,84,19.35885,23.32265,19.42052,0
"2025-03-19 02:01:25",2485,17.99,85,19.35885,23.23346,19.42052,0
"2025-03-19 02:01:26",2486,17.99,86,19.36446,23.15541,19.42613,0
"2025-03-19 02:01:27",2487,17.99,87,19.36446,23.07176,19.42613,0
"2025-03-19 02:01:28",2488,17.99,88,19.37006,22.98812,19.42613,0
"2025-03-19 02:01:29",2489,17.99,89,19.37006,22.92119,19.43174,0
"2025-03-19 02:01:30",2490,17.99,90,19.38128,22.8431,19.43174,0
"2025-03-19 02:01:31",2491,17.99,91,19.38128,22.76501,19.43735,0
"2025-03-19 02:01:32",2492,17.99,92,19.38128,22.69806,19.43735,0
"2025-03-19 02:01:33",2493,17.99,93,19.38128,22.6311,19.43174,0
"2025-03-19 02:01:34",2494,17.99,94,19.38128,22.56414,19.43735,0
"2025-03-19 02:01:35",2495,17.99,95,19.38128,22.49717,19.43735,0
"2025-03-19 02:01:36",2496,17.99,96,19.38128,22.43019,19.43735,0
"2025-03-19 02:01:37",2497,17.99,97,19.38128,22.37437,19.43735,0
"2025-03-19 02:01:38",2498,17.99,98,19.38128,22.30739,19.43735,0
"2025-03-19 02:01:39",2499,17.99,99,19.38128,22.25156,19.43174,0
"2025-03-19 02:01:40",2500,17.99,100,19.38128,22.19573,19.43174,0
"2025-03-19 02:01:41",2501,17.99,101,19.38128,22.13989,19.43174,0
"2025-03-19 02:01:42",2502,17.99,102,19.38128,22.08405,19.42613,0
"2025-03-19 02:01:43",2503,17.99,103,19.37567,22.0282,19.42613,0
"2025-03-19 02:01:44",2504,17.99,104,19.37567,21.97235,19.42052,0
"2025-03-19 02:01:45",2505,17.99,105,19.37006,21.92208,19.42052,0
"2025-03-19 02:01:46",2506,17.99,106,19.37567,21.8718,19.42052,0
"2025-03-19 02:01:47",2507,17.99,107,19.37006,21.82153,19.41492,0
"2025-03-19 02:01:48",2508,17.99,108,19.37006,21.77124,19.41492,0
"2025-03-19 02:01:49",2509,17.99,109,19.37006,21.72654,19.40931,0
"2025-03-19 02:01:50",2510,17.99,110,19.36446,21.68184,19.40931,0
"2025-03-19 02:01:51",2511,17.99,111,19.35885,21.63714,19.40371,0
"2025-03-19 02:01:52",2512,17.99,112,19.35885,21.59243,19.40371,0
"2025-03-19 02:01:53",2513,17.99,113,19.35324,21.54772,19.3981,0
"2025-03-19 02:01:54",2514,17.99,114,19.34763,21.50301,19.39249,0
"2025-03-19 02:01:55",2515,17.99,115,19.34763,21.46947,19.39249,0
"2025-03-19 02:01:56",2516,17.99,116,19.34763,21.42476,19.38688,0
"2025-03-19 02:01:57",2517,17.99,117,19.34763,21.38562,19.38128,0
"2025-03-19 02:01:58",2518,17.99,118,19.33642,21.34649,19.38128,0
"2025-03-19 02:01:59",2519,17.99,119,19.33642,21.30735,19.37567,0
"2025-03-19 02:02:00",2520,17.99,120,19.33642,21.26822,19.37006,0
"2025-03-19 02:02:01",2521,17.99,121,19.33081,21.23467,19.36446,0
"2025-03-19 02:02:02",2522,17.99,122,19.3252,21.20112,19.36446,0
"2025-03-19 02:02:03",2523,17.99,123,19.3252,21.16757,19.35885,0
"2025-03-19 02:02:04",2524,17.99,124,19.3252,21.13401,19.35885,0
"2025-03-19 02:02:05",2525,17.99,125,19.31399,21.09486,19.34763,0
"2025-03-19 02:02:06",2526,17.99,126,19.31399,21.06131,19.34763,0
"2025-03-19 02:02:07",2527,17.99,127,19.30277,21.03334,19.34203,0
"2025-03-19 02:02:08",2528,17.99,128,19.30277,20.99978,19.33642,0
"2025-03-19 02:02:09",2529,17.99,129,19.29716,20.96622,19.33081,0
"2025-03-19 02:02:10",2530,17.99,130,19.29716,20.93265,19.33081,0
"2025-03-19 02:02:11",2531,17.99,131,19.29156,20.90468,19.3252,0
"2025-03-19 02:02:12",2532,17.99,132,19.28595,20.87671,19.3196,0
"2025-03-19 02:02:13",2533,17.99,133,19.28595,20.84314,19.3196,0
"2025-03-19 02:02:14",2534,17.99,134,19.28034,20.82076,19.30838,0
"2025-03-19 02:02:15",2535,17.99,135,19.27473,20.78719,19.30277,0
"2025-03-19 02:02:16",2536,17.99,136,19.26912,20.76481,19.30277,0
"2025-03-19 02:02:17",2537,17.99,137,19.26912,20.73124,19.29156,0
"2025-03-19 02:02:18",2538,17.99,138,19.25791,20.70885,19.29156,0
"2025-03-19 02:02:19",2539,17.99,139,19.25791,20.68647,19.28595,0
"2025-03-19 02:02:20",2540,17.99,140,19.2523,20.65289,19.28034,0
"2025-03-19 02:02:21",2541,17.99,141,19.24669,20.6305,19.27473,0
"2025-03-19 02:02:22",2542,17.99,142,19.24669,20.60252,19.27473,0
"2025-03-19 02:02:23",2543,17.99,143,19.23548,20.57453,19.26352,0
"2025-03-19 02:02:24",2544,17.99,144,19.23548,20.55774,19.26352,0
"2025-03-19 02:02:25",2545,17.99,145,19.23548,20.52975,19.25791,0
"2025-03-19 02:02:26",2546,17.99,146,19.22426,20.50736,19.2523,0
"2025-03-19 02:02:27",2547,17.99,147,19.22426,20.48497,19.24669,0
"2025-03-19 02:02:28",2548,17.99,148,19.21865,20.46818,19.24109,0
"2025-03-19 02:02:29",2549,17.99,149,19.21304,20.44019,19.23548,0
"2025-03-19 02:02:30",2550,17.99,150,19.20743,20.42339,19.22987,0
"2025-03-19 02:02:31",2551,17.99,151,19.20182,20.401,19.22987,0
"2025-03-19 02:02:32",2552,17.99,152,19.20182,20.373,19.22426,0
"2025-03-19 02:02:33",2553,17.99,153,19.19061,20.35061,19.21865,0
"2025-03-19 02:02:34",2554,17.99,154,19.19061,20.33941,19.21304,0
"2025-03-19 02:02:35",2555,17.99,155,19.185,20.31701,19.21304,0
"2025-03-19 02:02:36",2556,17.99,156,19.17939,20.29462,19.20743,0
"2025-03-19 02:02:37",2557,17.99,157,19.17378,20.27222,19.20182,0
"2025-03-19 02:02:38",2558,17.99,158,19.16817,20.26102,19.19061,0
"2025-03-19 02:02:39",2559,17.99,159,19.16817,20.23862,19.19061,0
"2025-03-19 02:02:40",2560,17.99,160,19.15695,20.21622,19.185,0
"2025-03-19 02:02:41",2561,17.99,161,19.15695,20.20502,19.17939,0
"2025-03-19 02:02:42",2562,17.99,162,19.15695,20.18262,19.17939,0
"2025-03-19 02:02:43",2563,17.99,163,19.14573,20.16022,19.16817,0
"2025-03-19 02:02:44",2564,17.99,164,19.14013,20.14902,19.16817,0
"2025-03-19 02:02:45",2565,17.99,165,19.13452,20.12661,19.16256,0
"2025-03-19 02:02:46",2566,17.99,166,19.13452,20.10981,19.15695,0
"2025-03-19 02:02:47",2567,17.99,167,19.12891,20.09301,19.15134,0
"2025-03-19 02:02:48",2568,17.99,168,19.1233,20.0818,19.14573,0
"2025-03-19 02:02:49",2569,17.99,169,19.1233,20.0594,19.14573,0
"2025-03-19 02:02:50",2570,17.99,170,19.11208,20.04819,19.14013,0
"2025-03-19 02:02:51",2571,17.99,171,19.11208,20.02579,19.13452,0
"2025-03-19 02:02:52",2572,17.99,172,19.11208,20.01459,19.1233,0
"2025-03-19 02:02:53",2573,17.99,173,19.10086,19.99218,19.1233,0
"2025-03-19 02:02:54",2574,17.99,174,19.09525,19.98097,19.11769,0
"2025-03-19 02:02:55",2575,17.99,175,19.08964,19.96977,19.11208,0
"2025-03-19 02:02:56",2576,17.99,176,19.08964,19.95296,19.11208,0
"2025-03-19 02:02:57",2577,17.99,177,19.08403,19.93616,19.10647,0
"2025-03-19 02:02:58",2578,17.99,178,19.07842,19.91935,19.10086,0
"2025-03-19 02:02:59",2579,17.99,179,19.07281,19.90814,19.09525,0
"2025-03-19 02:03:00",2580,17.99,180,19.0672,19.89133,19.08964,0
"2025-03-19 02:03:01",2581,17.99,181,19.0672,19.88013,19.08964,0
"2025-03-19 02:03:02",2582,17.99,182,19.06159,19.86892,19.08403,0
"2025-03-19 02:03:03",2583,17.99,183,19.05598,19.85211,19.07842,0
"2025-03-19 02:03:04",2584,17.99,184,19.05598,19.8353,19.07281,0
"2025-03-19 02:03:05",2585,17.99,185,19.04476,19.8241,19.07281,0
"2025-03-19 02:03:06",2586,17.99,186,19.04476,19.81289,19.0672,0
"2025-03-19 02:03:07",2587,17.99,187,19.03915,19.80168,19.06159,0
"2025-03-19 02:03:08",2588,17.99,188,19.03354,19.79048,19.05598,0
"2025-03-19 02:03:09",2589,17.99,189,19.03354,19.77927,19.05037,0
"2025-03-19 02:03:10",2590,17.99,190,19.02793,19.76245,19.05037,0
"2025-03-19 02:03:11",2591,17.99,191,19.02232,19.74565,19.03915,0
"2025-03-19 02:03:12",2592,17.99,192,19.02232,19.73443,19.03915,0
"2025-03-19 02:03:13",2593,17.99,193,19.0111,19.72883,19.03915,0
"2025-03-19 02:03:14",2594,17.99,194,19.0111,19.71202,19.03354,0
"2025-03-19 02:03:15",2595,17.99,195,19.00549,19.70081,19.02793,0
"2025-03-19 02:03:16",2596,17.99,196,18.99988,19.6896,19.02232,0
"2025-03-19 02:03:17",2597,17.99,197,18.99988,19.67839,19.01671,0
"2025-03-19 02:03:18",2598,17.99,198,18.99427,19.66718,19.0111,0
"2025-03-19 02:03:19",2599,17.99,199,18.98866,19.65597,19.0111,0
"2025-03-19 02:03:20",2600,17.99,200,18.98866,19.64476,19.00549,0
"2025-03-19 02:03:21",2601,17.99,201,18.98305,19.63355,18.99988,0
"2025-03-19 02:03:22",2602,17.99,202,18.97744,19.62234,18.99988,0
"2025-03-19 02:03:23",2603,17.99,203,18.97744,19.61113,18.98866,0
"2025-03-19 02:03:24",2604,17.99,204,18.96622,19.59992,18.98866,0
"2025-03-19 02:03:25",2605,17.99,205,18.96622,19.58871,18.98866,0
"2025-03-19 02:03:26",2606,17.99,206,18.96061,19.5775,18.97744,0
"2025-03-19 02:03:27",2607,17.99,207,18.955,19.56629,18.97744,0
"2025-03-19 02:03:28",2608,17.99,208,18.955,19.55508,18.97744,0
"2025-03-19 02:03:29",2609,17.99,209,18.955,19.55508,18.97183,0
"2025-03-19 02:03:30",2610,17.99,210,18.94378,19.54387,18.96622,0
"2025-03-19 02:03:31",2611,17.99,211,18.94378,19.53265,18.96622,0
"2025-03-19 02:03:32",2612,17.99,212,18.94378,19.52144,18.955,0
"2025-03-19 02:03:33",2613,17.99,213,18.93255,19.51023,18.955,0
"2025-03-19 02:03:34",2614,17.99,214,18.93255,19.49902,18.955,0
"2025-03-19 02:03:35",2615,17.99,215,18.92694,19.4878,18.94378,0
"2025-03-19 02:03:36",2616,17.99,216,18.92133,19.4878,18.94378,0
"2025-03-19 02:03:37",2617,17.99,217,18.92133,19.47659,18.94378,0
"2025-03-19 02:03:38",2618,17.99,218,18.91572,19.46538,18.93255,0
"2025-03-19 02:03:39",2619,17.99,219,18.91011,19.45417,18.93255,0
"2025-03-19 02:03:40",2620,17.99,220,18.91011,19.44295,18.92694,0
"2025-03-19 02:03:41",2621,17.99,221,18.9045,19.43174,18.92133,0
"2025-03-19 02:03:42",2622,17.99,222,18.89889,19.43174,18.92133,0
"2025-03-19 02:03:43",2623,17.99,223,18.89889,19.42052,18.92133,0
"2025-03-19 02:03:44",2624,17.99,224,18.89889,19.40931,18.91011,0
"2025-03-19 02:03:45",2625,17.99,225,18.88766,19.40371,18.91011,0
"2025-03-19 02:03:46",2626,17.99,226,18.88766,19.3981,18.9045,0
"2025-03-19 02:03:47",2627,17.99,227,18.88766,19.38688,18.9045,0
"2025-03-19 02:03:48",2628,17.99,228,18.87644,19.38128,18.89889,0
"2025-03-19 02:03:49",2629,17.99,229,18.87644,19.37567,18.89328,0
"2025-03-19 02:03:50",2630,17.99,230,18.87083,19.36446,18.89328,0
"2025-03-19 02:03:51",2631,17.99,231,18.86522,19.35324,18.88766,0
"2025-03-19 02:03:52",2632,17.99,232,18.86522,19.34763,18.88205,0
"2025-03-19 02:03:53",2633,17.99,233,18.86522,19.34203,18.88205,0
"2025-03-19 02:03:54",2634,17.99,234,18.854,19.33081,18.87644,0
"2025-03-19 02:03:55",2635,17.99,235,18.854,19.3196,18.87644,0
"2025-03-19 02:03:56",2636,17.99,236,18.854,19.31399,18.87644,0
"2025-03-19 02:03:57",2637,17.99,237,18.854,19.30838,18.86522,0
"2025-03-19 02:03:58",2638,17.99,238,18.84277,19.30277,18.86522,0
"2025-03-19 02:03:59",2639,17.99,239,18.84277,19.29156,18.85961,0
"2025-03-19 02:04:00",2640,17.99,240,18.84277,19.28595,18.85961,0
"2025-03-19 02:04:01",2641,17.99,241,18.83155,19.27473,18.84838,0
"2025-03-19 02:04:02",2642,17.99,242,18.83155,19.27473,18.84838,0
"2025-03-19 02:04:03",2643,17.99,243,18.83155,19.26352,18.84838,0
"2025-03-19 02:04:04",2644,17.99,244,18.82033,19.2523,18.84277,0
"2025-03-19 02:04:05",2645,17.99,245,18.82033,19.2523,18.83716,0
"2025-03-19 02:04:06",2646,17.99,246,18.82033,19.24109,18.83716,0
"2025-03-19 02:04:07",2647,17.99,247,18.8091,19.23548,18.83155,0
"2025-03-19 02:04:08",2648,17.99,248,18.8091,19.22987,18.83155,0
"2025-03-19 02:04:09",2649,17.99,249,18.8091,19.21865,18.82033,0
"2025-03-19 02:04:10",2650,17.99,250,18.8091,19.21865,18.82033,0
"2025-03-19 02:04:11",2651,17.99,251,18.79788,19.20743,18.82033,0
"2025-03-19 02:04:12",2652,17.99,252,18.79788,19.20743,18.82033,0
"2025-03-19 02:04:13",2653,17.99,253,18.79788,19.19621,18.81471,0
"2025-03-19 02:04:14",2654,17.99,254,18.79226,19.19061,18.8091,0
"2025-03-19 02:04:15",2655,17.99,255,18.78666,19.185,18.8091,0
"2025-03-19 02:04:16",2656,17.99,256,18.78666,19.17939,18.80349,0
"2025-03-19 02:04:17",2657,17.99,257,18.78104,19.16817,18.79788,0
"2025-03-19 02:04:18",2658,17.99,258,18.78104,19.16256,18.79788,0
"2025-03-19 02:04:19",2659,17.99,259,18.77543,19.16256,18.79226,0
"2025-03-19 02:04:20",2660,17.99,260,18.77543,19.15134,18.79226,0
"2025-03-19 02:04:21",2661,17.99,261,18.76982,19.14573,18.78666,0
"2025-03-19 02:04:22",2662,17.99,262,18.76982,19.14013,18.78666,0
"2025-03-19 02:04:23",2663,17.99,263,18.7642,19.13452,18.78104,0
"2025-03-19 02:04:24",2664,17.99,264,18.7642,19.12891,18.78104,0
"2025-03-19 02:04:25",2665,17.99,265,18.75859,19.1233,18.77543,0
"2025-03-19 02:04:26",2666,17.99,266,18.75298,19.11769,18.76982,0
"2025-03-19 02:04:27",2667,17.99,267,18.75298,19.10647,18.76982,0
"2025-03-19 02:04:28",2668,17.99,268,18.75298,19.10647,18.76982,0
"2025-03-19 02:04:29",2669,17.99,269,18.74737,19.10086,18.7642,0
"2025-03-19 02:04:30",2670,17.99,270,18.74175,19.09525,18.7642,0
"2025-03-19 02:04:31",2671,17.99,271,18.74175,19.08964,18.75859,0
"2025-03-19 02:04:32",2672,17.99,272,18.74175,19.08403,18.75298,0
"2025-03-19 02:04:33",2673,17.99,273,18.73053,19.07842,18.75298,0
"2025-03-19 02:04:34",2674,17.99,274,18.73053,19.07281,18.75298,0
"2025-03-19 02:04:35",2675,17.99,275,18.73053,19.07281,18.74175,0
"2025-03-19 02:04:36",2676,17.99,276,18.73053,19.06159,18.74175,0
"2025-03-19 02:04:37",2677,17.99,277,18.72492,19.06159,18.74175,0
"2025-03-19 02:04:38",2678,17.99,278,18.7193,19.05037,18.73614,0
"2025-03-19 02:04:39",2679,17.99,279,18.7193,19.04476,18.73614,0
"2025-03-19 02:04:40",2680,17.99,280,18.7193,19.03915,18.73053,0
"2025-03-19 02:04:41",2681,17.99,281,18.71369,19.03915,18.73053,0
"2025-03-19 02:04:42",2682,17.99,282,18.70808,19.02793,18.73053,0
"2025-03-19 02:04:43",2683,17.99,283,18.70808,19.02793,18.72492,0
"2025-03-19 02:04:44",2684,17.99,284,18.70247,19.01671,18.7193,0
"2025-03-19 02:04:45",2685,17.99,285,18.70247,19.01671,18.7193,0
"2025-03-19 02:04:46",2686,17.99,286,18.69685,19.0111,18.7193,0
"2025-03-19 02:04:47",2687,17.99,287,18.69685,19.00549,18.71369,0
"2025-03-19 02:04:48",2688,17.99,288,18.69685,19.00549,18.71369,0
"2025-03-19 02:04:49",2689,17.99,289,18.69685,18.99427,18.70808,0
"2025-03-19 02:04:50",2690,17.99,290,18.68563,18.99427,18.70808,0
"2025-03-19 02:04:51",2691,17.99,291,18.68563,18.98866,18.70247,0
"2025-03-19 02:04:52",2692,17.99,292,18.68001,18.98305,18.70247,0
"2025-03-19 02:04:53",2693,17.99,293,18.6744,18.98305,18.70247,0
"2025-03-19 02:04:54",2694,17.99,294,18.6744,18.97183,18.69685,0
"2025-03-19 02:04:55",2695,17.99,295,18.6744,18.97183,18.69124,0
"2025-03-19 02:04:56",2696,17.99,296,18.6744,18.96061,18.69124,0
"2025-03-19 02:04:57",2697,17.99,297,18.6744,18.96061,18.69124,0
"2025-03-19 02:04:58",2698,17.99,298,18.66879,18.955,18.68563,0
"2025-03-19 02:04:59",2699,17.99,299,18.66317,18.94938,18.68563,0
"2025-03-19 04:00:00",2700,18.07,0,17.94806,17.9593,17.96492,0
"2025-03-19 04:00:01",2701,18.07,1,17.94806,17.9593,17.9593,0
"2025-03-19 04:00:02",2702,18.07,2,17.94806,17.96492,17.96492,0
"2025-03-19 04:00:03",2703,18.07,3,17.94806,17.9593,17.96492,0
"2025-03-19 04:00:04",2704,18.07,4,17.94806,17.96492,17.9593,0
"2025-03-19 04:00:05",2705,18.07,5,17.94806,17.9593,17.9593,0
"2025-03-19 04:00:06",2706,18.07,6,17.94806,17.9593,17.9593,0
"2025-03-19 04:00:07",2707,18.07,7,17.94806,17.9593,17.9593,0
"2025-03-19 04:00:08",2708,18.07,8,17.94806,22.60695,17.9593,303.2
"2025-03-19 04:00:09",2709,18.07,9,17.94806,28.10299,17.9593,303.2
"2025-03-19 04:00:10",2710,18.07,10,17.94806,32.60397,17.9593,301.8
"2025-03-19 04:00:11",2711,18.07,11,17.94806,36.41397,17.96492,301.8
"2025-03-19 04:00:12",2712,18.07,12,17.94806,39.74588,17.96492,301.8
"2025-03-19 04:00:13",2713,18.07,13,17.94806,42.68798,17.9593,301.8
"2025-03-19 04:00:14",2714,18.07,14,17.94806,45.33345,17.96492,301.8
"2025-03-19 04:00:15",2715,18.07,15,17.94806,47.74232,17.9593,300.4
"2025-03-19 04:00:16",2716,18.07,16,17.94806,49.93373,17.96492,300.4
"2025-03-19 04:00:17",2717,18.07,17,17.94806,51.97394,17.96492,300.4
"2025-03-19 04:00:18",2718,18.07,18,17.94806,53.83226,17.96492,300.4
"2025-03-19 04:00:19",2719,18.07,19,17.94806,55.57399,17.96492,300.4
"2025-03-19 04:00:20",2720,18.07,20,17.9593,57.21592,17.97054,300.4
"2025-03-19 04:00:21",2721,18.07,21,17.9593,58.74286,17.97616,299.7
"2025-03-19 04:00:22",2722,18.07,22,17.96492,60.20311,17.9874,299.1
"2025-03-19 04:00:23",2723,18.07,23,17.97054,57.61387,17.99302,0
"2025-03-19 04:00:24",2724,18.07,24,17.9874,53.99223,18.00426,0
"2025-03-19 04:00:25",2725,18.07,25,17.99302,51.09111,18.02111,0
"2025-03-19 04:00:26",2726,18.07,26,18.00987,48.67773,18.03797,0
"2025-03-19 04:00:27",2727,18.07,27,18.02673,46.61168,18.06044,0
"2025-03-19 04:00:28",2728,18.07,28,18.04359,44.83123,18.0773,0
"2025-03-19 04:00:29",2729,18.07,29,18.06606,43.26189,18.10539,0
"2025-03-19 04:00:30",2730,18.07,30,18.09415,41.86417,18.13909,0
"2025-03-19 04:00:31",2731,18.07,31,18.11662,40.61029,18.16718,0
"2025-03-19 04:00:32",2732,18.07,32,18.15033,39.47927,18.20088,0
"2025-03-19 04:00:33",2733,18.07,33,18.18403,38.45541,18.23459,0
"2025-03-19 04:00:34",2734,18.07,34,18.21212,37.51732,18.2739,0
"2025-03-19 04:00:35",2735,18.07,35,18.25143,36.65445,18.31322,0
"2025-03-19 04:00:36",2736,18.07,36,18.28514,35.86161,18.35814,0
"2025-03-19 04:00:37",2737,18.07,37,18.32445,35.13357,18.39184,0
"2025-03-19 04:00:38",2738,18.07,38,18.36376,34.45409,18.43115,0
"2025-03-19 04:00:39",2739,18.07,39,18.40307,33.82331,18.47045,0
"2025-03-19 04:00:40",2740,18.07,40,18.43676,33.24137,18.51537,0
"2025-03-19 04:00:41",2741,18.07,41,18.47045,32.69192,18.55467,0
"2025-03-19 04:00:42",2742,18.07,42,18.51537,32.17503,18.59958,0
"2025-03-19 04:00:43",2743,18.07,43,18.56028,31.70177,18.64449,0
"2025-03-19 04:00:44",2744,18.07,44,18.59397,31.24471,18.68378,0
"2025-03-19 04:00:45",2745,18.07,45,18.62765,30.82042,18.72868,0
"2025-03-19 04:00:46",2746,18.07,46,18.67255,30.41791,18.76236,0
"2025-03-19 04:00:47",2747,18.07,47,18.70623,30.03725,18.80164,0
"2025-03-19 04:00:48",2748,18.07,48,18.74552,29.67845,18.84093,0
"2025-03-19 04:00:49",2749,18.07,49,18.77919,29.33603,18.8746,0
"2025-03-19 04:00:50",2750,18.07,50,18.81848,29.01555,18.90826,0
"2025-03-19 04:00:51",2751,18.07,51,18.85215,28.7115,18.94193,0
"2025-03-19 04:00:52",2752,18.07,52,18.88582,28.41838,18.9756,0
"2025-03-19 04:00:53",2753,18.07,53,18.91387,28.14173,19.00365,0
"2025-03-19 04:00:54",2754,18.07,54,18.94193,27.87604,19.03731,0
"2025-03-19 04:00:55",2755,18.07,55,18.96998,27.62686,19.06536,0
"2025-03-19 04:00:56",2756,18.07,56,18.99804,27.38313,19.09341,0
"2025-03-19 04:00:57",2757,18.07,57,19.02048,27.15039,19.11584,0
"2025-03-19 04:00:58",2758,18.07,58,19.05414,26.9342,19.14389,0
"2025-03-19 04:00:59",2759,18.07,59,19.07658,26.71795,19.16633,0
"2025-03-19 04:01:00",2760,18.07,60,19.09901,26.51827,19.18876,0
"2025-03-19 04:01:01",2761,18.07,61,19.12145,26.32408,19.20559,0
"2025-03-19 04:01:02",2762,18.07,62,19.14389,26.13539,19.22802,0
"2025-03-19 04:01:03",2763,18.07,63,19.16072,25.95774,19.24485,0
"2025-03-19 04:01:04",2764,18.07,64,19.17754,25.79115,19.26728,0
"2025-03-19 04:01:05",2765,18.07,65,19.19998,25.62453,19.28411,0
"2025-03-19 04:01:06",2766,18.07,66,19.2112,25.45785,19.30093,0
"2025-03-19 04:01:07",2767,18.07,67,19.23363,25.30782,19.31214,0
"2025-03-19 04:01:08",2768,18.07,68,19.24485,25.15775,19.32896,0
"2025-03-19 04:01:09",2769,18.07,69,19.26167,25.01876,19.34018,0
"2025-03-19 04:01:10",2770,18.07,70,19.2785,24.87975,19.3514,0
"2025-03-19 04:01:11",2771,18.07,71,19.28971,24.74627,19.36822,0
"2025-03-19 04:01:12",2772,18.07,72,19.30093,24.61832,19.37943,0
"2025-03-19 04:01:13",2773,18.07,73,19.31214,24.49035,19.38504,0
"2025-03-19 04:01:14",2774,18.07,74,19.32336,24.37349,19.39626,0
"2025-03-19 04:01:15",2775,18.07,75,19.33457,24.25661,19.40186,0
"2025-03-19 04:01:16",2776,18.07,76,19.34018,24.14528,19.41307,0
"2025-03-19 04:01:17",2777,18.07,77,19.3514,24.03392,19.42429,0
"2025-03-19 04:01:18",2778,18.07,78,19.357,23.92812,19.42429,0
"2025-03-19 04:01:19",2779,18.07,79,19.36822,23.82787,19.4355,0
"2025-03-19 04:01:20",2780,18.07,80,19.36822,23.72203,19.44111,0
"2025-03-19 04:01:21",2781,18.07,81,19.37943,23.63289,19.44672,0
"2025-03-19 04:01:22",2782,18.07,82,19.37943,23.5326,19.44672,0
"2025-03-19 04:01:23",2783,18.07,83,19.39065,23.44343,19.45232,0
"2025-03-19 04:01:24",2784,18.07,84,19.39065,23.35426,19.45793,0
"2025-03-19 04:01:25",2785,18.07,85,19.40186,23.27622,19.45793,0
"2025-03-19 04:01:26",2786,18.07,86,19.40186,23.18702,19.46354,0
"2025-03-19 04:01:27",2787,18.07,87,19.40186,23.10896,19.46914,0
"2025-03-19 04:01:28",2788,18.07,88,19.41307,23.03089,19.46914,0
"2025-03-19 04:01:29",2789,18.07,89,19.41307,22.95282,19.46914,0
"2025-03-19 04:01:30",2790,18.07,90,19.41307,22.87473,19.46914,0
"2025-03-19 04:01:31",2791,18.07,91,19.41307,22.8078,19.47475,0
"2025-03-19 04:01:32",2792,18.07,92,19.41868,22.73527,19.47475,0
"2025-03-19 04:01:33",2793,18.07,93,19.41868,22.66274,19.47475,0
"2025-03-19 04:01:34",2794,18.07,94,19.42429,22.59578,19.46914,0
"2025-03-19 04:01:35",2795,18.07,95,19.42429,22.5344,19.47475,0
"2025-03-19 04:01:36",2796,18.07,96,19.42429,22.46185,19.46914,0
"2025-03-19 04:01:37",2797,18.07,97,19.42429,22.40603,19.46914,0
"2025-03-19 04:01:38",2798,18.07,98,19.42429,22.34463,19.46914,0
"2025-03-19 04:01:39",2799,18.07,99,19.42429,22.28881,19.46914,0
"2025-03-19 04:01:40",2800,18.07,100,19.42429,22.22739,19.46914,0
"2025-03-19 04:01:41",2801,18.07,101,19.42429,22.17156,19.46914,0
"2025-03-19 04:01:42",2802,18.07,102,19.41868,22.11572,19.46914,0
"2025-03-19 04:01:43",2803,18.07,103,19.41307,22.06546,19.46914,0
"2025-03-19 04:01:44",2804,18.07,104,19.41307,22.00402,19.46354,0
"2025-03-19 04:01:45",2805,18.07,105,19.41307,21.95934,19.45793,0
"2025-03-19 04:01:46",2806,18.07,106,19.41307,21.90907,19.45793,0
"2025-03-19 04:01:47",2807,18.07,107,19.41307,21.85879,19.45232,0
"2025-03-19 04:01:48",2808,18.07,108,19.41307,21.80851,19.45232,0
"2025-03-19 04:01:49",2809,18.07,109,19.40747,21.76382,19.44672,0
"2025-03-19 04:01:50",2810,18.07,110,19.40186,21.71353,19.44672,0
"2025-03-19 04:01:51",2811,18.07,111,19.40186,21.67442,19.44672,0
"2025-03-19 04:01:52",2812,18.07,112,19.40186,21.62971,19.44111,0
"2025-03-19 04:01:53",2813,18.07,113,19.39065,21.585,19.4355,0
"2025-03-19 04:01:54",2814,18.07,114,19.39065,21.54588,19.4299,0
"2025-03-19 04:01:55",2815,18.07,115,19.39065,21.50117,19.4299,0
"2025-03-19 04:01:56",2816,18.07,116,19.38504,21.45645,19.42429,0
"2025-03-19 04:01:57",2817,18.07,117,19.37943,21.42291,19.42429,0
"2025-03-19 04:01:58",2818,18.07,118,19.37943,21.38378,19.41868,0
"2025-03-19 04:01:59",2819,18.07,119,19.37943,21.34465,19.41307,0
"2025-03-19 04:02:00",2820,18.07,120,19.36822,21.30552,19.41307,0
"2025-03-19 04:02:01",2821,18.07,121,19.36822,21.26638,19.40747,0
"2025-03-19 04:02:02",2822,18.07,122,19.36822,21.23283,19.40186,0
"2025-03-19 04:02:03",2823,18.07,123,19.357,21.19928,19.39626,0
"2025-03-19 04:02:04",2824,18.07,124,19.357,21.16573,19.39626,0
"2025-03-19 04:02:05",2825,18.07,125,19.357,21.13217,19.39065,0
"2025-03-19 04:02:06",2826,18.07,126,19.3514,21.09862,19.37943,0
"2025-03-19 04:02:07",2827,18.07,127,19.34579,21.06506,19.37943,0
"2025-03-19 04:02:08",2828,18.07,128,19.34579,21.0315,19.37943,0
"2025-03-19 04:02:09",2829,18.07,129,19.34018,20.99794,19.37383,0
"2025-03-19 04:02:10",2830,18.07,130,19.33457,20.97556,19.36261,0
"2025-03-19 04:02:11",2831,18.07,131,19.33457,20.942,19.36261,0
"2025-03-19 04:02:12",2832,18.07,132,19.32336,20.91403,19.357,0
"2025-03-19 04:02:13",2833,18.07,133,19.32336,20.88606,19.3514,0
"2025-03-19 04:02:14",2834,18.07,134,19.32336,20.85249,19.3514,0
"2025-03-19 04:02:15",2835,18.07,135,19.31214,20.83011,19.34579,0
"2025-03-19 04:02:16",2836,18.07,136,19.31214,20.79654,19.33457,0
"2025-03-19 04:02:17",2837,18.07,137,19.30093,20.77416,19.33457,0
"2025-03-19 04:02:18",2838,18.07,138,19.30093,20.74618,19.33457,0
"2025-03-19 04:02:19",2839,18.07,139,19.29532,20.7182,19.32336,0
"2025-03-19 04:02:20",2840,18.07,140,19.28971,20.69582,19.32336,0
"2025-03-19 04:02:21",2841,18.07,141,19.28971,20.66784,19.31214,0
"2025-03-19 04:02:22",2842,18.07,142,19.28411,20.63986,19.31214,0
"2025-03-19 04:02:23",2843,18.07,143,19.2785,20.61747,19.30654,0
"2025-03-19 04:02:24",2844,18.07,144,19.26728,20.59508,19.30093,0
"2025-03-19 04:02:25",2845,18.07,145,19.26728,20.57269,19.29532,0
"2025-03-19 04:02:26",2846,18.07,146,19.26728,20.5503,19.28971,0
"2025-03-19 04:02:27",2847,18.07,147,19.26167,20.52792,19.28411,0
"2025-03-19 04:02:28",2848,18.07,148,19.25606,20.50552,19.2785,0
"2025-03-19 04:02:29",2849,18.07,149,19.24485,20.48313,19.2785,0
"2025-03-19 04:02:30",2850,18.07,150,19.24485,20.46074,19.27289,0
"2025-03-19 04:02:31",2851,18.07,151,19.24485,20.43835,19.26728,0
"2025-03-19 04:02:32",2852,18.07,152,19.23363,20.41595,19.26167,0
"2025-03-19 04:02:33",2853,18.07,153,19.23363,20.39356,19.25606,0
"2025-03-19 04:02:34",2854,18.07,154,19.22241,20.37116,19.25606,0
"2025-03-19 04:02:35",2855,18.07,155,19.22241,20.34877,19.24485,0
"2025-03-19 04:02:36",2856,18.07,156,19.22241,20.33757,19.24485,0
"2025-03-19 04:02:37",2857,18.07,157,19.2112,20.31517,19.23363,0
"2025-03-19 04:02:38",2858,18.07,158,19.2112,20.29278,19.23363,0
"2025-03-19 04:02:39",2859,18.07,159,19.20559,20.28158,19.23363,0
"2025-03-19 04:02:40",2860,18.07,160,19.19998,20.25918,19.22241,0
"2025-03-19 04:02:41",2861,18.07,161,19.19998,20.23678,19.22241,0
"2025-03-19 04:02:42",2862,18.07,162,19.18876,20.22558,19.2168,0
"2025-03-19 04:02:43",2863,18.07,163,19.18876,20.20318,19.2112,0
"2025-03-19 04:02:44",2864,18.07,164,19.17754,20.18078,19.20559,0
"2025-03-19 04:02:45",2865,18.07,165,19.17754,20.16958,19.19998,0
"2025-03-19 04:02:46",2866,18.07,166,19.17754,20.14717,19.19998,0
"2025-03-19 04:02:47",2867,18.07,167,19.16633,20.13597,19.18876,0
"2025-03-19 04:02:48",2868,18.07,168,19.16633,20.11357,19.18876,0
"2025-03-19 04:02:49",2869,18.07,169,19.15511,20.10237,19.17754,0
"2025-03-19 04:02:50",2870,18.07,170,19.15511,20.08556,19.17754,0
"2025-03-19 04:02:51",2871,18.07,171,19.15511,20.06876,19.17754,0
"2025-03-19 04:02:52",2872,18.07,172,19.14389,20.05195,19.16633,0
"2025-03-19 04:02:53",2873,18.07,173,19.14389,20.03515,19.16633,0
"2025-03-19 04:02:54",2874,18.07,174,19.13828,20.02395,19.16072,0
"2025-03-19 04:02:55",2875,18.07,175,19.13267,20.00714,19.15511,0
"2025-03-19 04:02:56",2876,18.07,176,19.12706,19.99034,19.15511,0
"2025-03-19 04:02:57",2877,18.07,177,19.12145,19.97913,19.14389,0
"2025-03-19 04:02:58",2878,18.07,178,19.12145,19.95672,19.14389,0
"2025-03-19 04:02:59",2879,18.07,179,19.11584,19.94552,19.13267,0
"2025-03-19 04:03:00",2880,18.07,180,19.11023,19.93431,19.13267,0
"2025-03-19 04:03:01",2881,18.07,181,19.10462,19.9175,19.12145,0
"2025-03-19 04:03:02",2882,18.07,182,19.09901,19.9063,19.12145,0
"2025-03-19 04:03:03",2883,18.07,183,19.09901,19.88949,19.12145,0
"2025-03-19 04:03:04",2884,18.07,184,19.09341,19.87828,19.11023,0
"2025-03-19 04:03:05",2885,18.07,185,19.0878,19.86708,19.11023,0
"2025-03-19 04:03:06",2886,18.07,186,19.0878,19.85587,19.10462,0
"2025-03-19 04:03:07",2887,18.07,187,19.08219,19.83906,19.09901,0
"2025-03-19 04:03:08",2888,18.07,188,19.07658,19.82225,19.09901,0
"2025-03-19 04:03:09",2889,18.07,189,19.07097,19.81105,19.0878,0
"2025-03-19 04:03:10",2890,18.07,190,19.06536,19.79984,19.0878,0
"2025-03-19 04:03:11",2891,18.07,191,19.06536,19.78863,19.0878,0
"2025-03-19 04:03:12",2892,18.07,192,19.05975,19.77742,19.07658,0
"2025-03-19 04:03:13",2893,18.07,193,19.05414,19.76622,19.07658,0
"2025-03-19 04:03:14",2894,18.07,194,19.05414,19.75501,19.07658,0
"2025-03-19 04:03:15",2895,18.07,195,19.04853,19.7438,19.06536,0
"2025-03-19 04:03:16",2896,18.07,196,19.04292,19.73259,19.05975,0
"2025-03-19 04:03:17",2897,18.07,197,19.04292,19.71578,19.05414,0
"2025-03-19 04:03:18",2898,18.07,198,19.0317,19.70457,19.05414,0
"2025-03-19 04:03:19",2899,18.07,199,19.0317,19.69897,19.05414,0
"2025-03-19 04:03:20",2900,18.07,200,19.02609,19.68776,19.04292,0
"2025-03-19 04:03:21",2901,18.07,201,19.02048,19.67094,19.04292,0
"2025-03-19 04:03:22",2902,18.07,202,19.02048,19.66534,19.04292,0
"2025-03-19 04:03:23",2903,18.07,203,19.01487,19.65413,19.0317,0
"2025-03-19 04:03:24",2904,18.07,204,19.00926,19.64292,19.0317,0
"2025-03-19 04:03:25",2905,18.07,205,19.00926,19.63171,19.02609,0
"2025-03-19 04:03:26",2906,18.07,206,19.00365,19.6205,19.02048,0
"2025-03-19 04:03:27",2907,18.07,207,18.99804,19.60929,19.02048,0
"2025-03-19 04:03:28",2908,18.07,208,18.99804,19.59808,19.00926,0
"2025-03-19 04:03:29",2909,18.07,209,18.99243,19.58687,19.00926,0
"2025-03-19 04:03:30",2910,18.07,210,18.98681,19.58126,19.00926,0
"2025-03-19 04:03:31",2911,18.07,211,18.98681,19.57005,18.99804,0
"2025-03-19 04:03:32",2912,18.07,212,18.9812,19.56444,18.99804,0
"2025-03-19 04:03:33",2913,18.07,213,18.9756,19.55323,18.99243,0
"2025-03-19 04:03:34",2914,18.07,214,18.9756,19.54202,18.98681,0
"2025-03-19 04:03:35",2915,18.07,215,18.96998,19.53081,18.98681,0
"2025-03-19 04:03:36",2916,18.07,216,18.96437,19.5196,18.98681,0
"2025-03-19 04:03:37",2917,18.07,217,18.96437,19.50838,18.9756,0
"2025-03-19 04:03:38",2918,18.07,218,18.95315,19.50838,18.9756,0
"2025-03-19 04:03:39",2919,18.07,219,18.95315,19.49717,18.96998,0
"2025-03-19 04:03:40",2920,18.07,220,18.95315,19.48596,18.96437,0
"2025-03-19 04:03:41",2921,18.07,221,18.94754,19.47475,18.96437,0
"2025-03-19 04:03:42",2922,18.07,222,18.94193,19.46354,18.96437,0
"2025-03-19 04:03:43",2923,18.07,223,18.94193,19.46354,18.95876,0
"2025-03-19 04:03:44",2924,18.07,224,18.93071,19.45232,18.95315,0
"2025-03-19 04:03:45",2925,18.07,225,18.93071,19.44111,18.94754,0
"2025-03-19 04:03:46",2926,18.07,226,18.93071,19.4299,18.94193,0
"2025-03-19 04:03:47",2927,18.07,227,18.9251,19.4299,18.94193,0
"2025-03-19 04:03:48",2928,18.07,228,18.91949,19.41868,18.94193,0
"2025-03-19 04:03:49",2929,18.07,229,18.91949,19.40747,18.93632,0
"2025-03-19 04:03:50",2930,18.07,230,18.91387,19.40747,18.93071,0
"2025-03-19 04:03:51",2931,18.07,231,18.91387,19.39626,18.9251,0
"2025-03-19 04:03:52",2932,18.07,232,18.90826,19.38504,18.9251,0
"2025-03-19 04:03:53",2933,18.07,233,18.90265,19.37943,18.91949,0
"2025-03-19 04:03:54",2934,18.07,234,18.89704,19.37383,18.91949,0
"2025-03-19 04:03:55",2935,18.07,235,18.89704,19.36261,18.91387,0
"2025-03-19 04:03:56",2936,18.07,236,18.89704,19.3514,18.90826,0
"2025-03-19 04:03:57",2937,18.07,237,18.89143,19.34579,18.90826,0
"2025-03-19 04:03:58",2938,18.07,238,18.88582,19.34018,18.90265,0
"2025-03-19 04:03:59",2939,18.07,239,18.88582,19.32896,18.90265,0
"2025-03-19 04:04:00",2940,18.07,240,18.88582,19.32896,18.89704,0
"2025-03-19 04:04:01",2941,18.07,241,18.8746,19.31775,18.89704,0
"2025-03-19 04:04:02",2942,18.07,242,18.8746,19.31775,18.89143,0
"2025-03-19 04:04:03",2943,18.07,243,18.8746,19.30654,18.88582,0
"2025-03-19 04:04:04",2944,18.07,244,18.86898,19.29532,18.88582,0
"2025-03-19 04:04:05",2945,18.07,245,18.86337,19.29532,18.8746,0
"2025-03-19 04:04:06",2946,18.07,246,18.86337,19.28411,18.8746,0
"2025-03-19 04:04:07",2947,18.07,247,18.85215,19.27289,18.8746,0
"2025-03-19 04:04:08",2948,18.07,248,18.85215,19.27289,18.8746,0
"2025-03-19 04:04:09",2949,18.07,249,18.85215,19.26167,18.86898,0
"2025-03-19 04:04:10",2950,18.07,250,18.85215,19.26167,18.86337,0
"2025-03-19 04:04:11",2951,18.07,251,18.84093,19.25046,18.86337,0
"2025-03-19 04:04:12",2952,18.07,252,18.84093,19.25046,18.86337,0
"2025-03-19 04:04:13",2953,18.07,253,18.84093,19.23924,18.85776,0
"2025-03-19 04:04:14",2954,18.07,254,18.83531,19.22802,18.85215,0
"2025-03-19 04:04:15",2955,18.07,255,18.83531,19.22241,18.85215,0
"2025-03-19 04:04:16",2956,18.07,256,18.8297,19.2168,18.84654,0
"2025-03-19 04:04:17",2957,18.07,257,18.8297,19.2168,18.84093,0
"2025-03-19 04:04:18",2958,18.07,258,18.82409,19.20559,18.84093,0
"2025-03-19 04:04:19",2959,18.07,259,18.81848,19.20559,18.84093,0
"2025-03-19 04:04:20",2960,18.07,260,18.81848,19.19437,18.83531,0
"2025-03-19 04:04:21",2961,18.07,261,18.81848,19.18876,18.83531,0
"2025-03-19 04:04:22",2962,18.07,262,18.81848,19.18315,18.8297,0
"2025-03-19 04:04:23",2963,18.07,263,18.81287,19.17194,18.8297,0
"2025-03-19 04:04:24",2964,18.07,264,18.80726,19.17194,18.81848,0
"2025-03-19 04:04:25",2965,18.07,265,18.80726,19.16633,18.81848,0
"2025-03-19 04:04:26",2966,18.07,266,18.80164,19.16072,18.81848,0
"2025-03-19 04:04:27",2967,18.07,267,18.79603,19.1495,18.81848,0
"2025-03-19 04:04:28",2968,18.07,268,18.79603,19.1495,18.81287,0
"2025-03-19 04:04:29",2969,18.07,269,18.79603,19.13828,18.80726,0
"2025-03-19 04:04:30",2970,18.07,270,18.78481,19.13828,18.80726,0
"2025-03-19 04:04:31",2971,18.07,271,18.78481,19.13828,18.80726,0
"2025-03-19 04:04:32",2972,18.07,272,18.78481,19.12706,18.80164,0
"2025-03-19 04:04:33",2973,18.07,273,18.78481,19.12145,18.80164,0
"2025-03-19 04:04:34",2974,18.07,274,18.77919,19.11584,18.79603,0
"2025-03-19 04:04:35",2975,18.07,275,18.77919,19.11023,18.79603,0
"2025-03-19 04:04:36",2976,18.07,276,18.77358,19.10462,18.78481,0
"2025-03-19 04:04:37",2977,18.07,277,18.77358,19.09901,18.79042,0
"2025-03-19 04:04:38",2978,18.07,278,18.76797,19.09341,18.78481,0
"2025-03-19 04:04:39",2979,18.07,279,18.76236,19.09341,18.78481,0
"2025-03-19 04:04:40",2980,18.07,280,18.76236,19.08219,18.77919,0
"2025-03-19 04:04:41",2981,18.07,281,18.76236,19.08219,18.77358,0
"2025-03-19 04:04:42",2982,18.07,282,18.75113,19.07097,18.77358,0
"2025-03-19 04:04:43",2983,18.07,283,18.75675,19.07097,18.77358,0
"2025-03-19 04:04:44",2984,18.07,284,18.75113,19.06536,18.77358,0
"2025-03-19 04:04:45",2985,18.07,285,18.75113,19.05975,18.76236,0
"2025-03-19 04:04:46",2986,18.07,286,18.75113,19.05975,18.76236,0
"2025-03-19 04:04:47",2987,18.07,287,18.73991,19.04853,18.76236,0
"2025-03-19 04:04:48",2988,18.07,288,18.73991,19.04853,18.75675,0
"2025-03-19 04:04:49",2989,18.07,289,18.73991,19.03731,18.75113,0
"2025-03-19 04:04:50",2990,18.07,290,18.73991,19.0317,18.75113,0
"2025-03-19 04:04:51",2991,18.07,291,18.72868,19.0317,18.75113,0
"2025-03-19 04:04:52",2992,18.07,292,18.73429,19.02609,18.74552,0
"2025-03-19 04:04:53",2993,18.07,293,18.72868,19.02048,18.73991,0
"2025-03-19 04:04:54",2994,18.07,294,18.72868,19.01487,18.73991,0
"2025-03-19 04:04:55",2995,18.07,295,18.72307,19.01487,18.73991,0
"2025-03-19 04:04:56",2996,18.07,296,18.71746,19.00365,18.73991,0
"2025-03-19 04:04:57",2997,18.07,297,18.71746,19.00365,18.73429,0
"2025-03-19 04:04:58",2998,18.07,298,18.71746,18.99804,18.72868,0
"2025-03-19 04:04:59",2999,18.07,299,18.71184,18.99243,18.72868,0
"2025-03-19 06:00:00",3000,18.07,0,17.97616,17.98178,17.9874,0
"2025-03-19 06:00:01",3001,18.07,1,17.97616,17.98178,17.9874,0
"2025-03-19 06:00:02",3002,18.07,2,17.98178,17.9874,17.9874,0
"2025-03-19 06:00:03",3003,18.07,3,17.97616,17.9874,17.9874,0
"2025-03-19 06:00:04",3004,18.05,4,17.95131,17.95693,17.96255,0
"2025-03-19 06:00:05",3005,18.07,5,17.97616,17.98178,17.9874,0
"2025-03-19 06:00:06",3006,18.07,6,17.98178,17.98178,17.9874,0
"2025-03-19 06:00:07",3007,18.07,7,17.98178,17.9874,17.9874,0
"2025-03-19 06:00:08",3008,18.07,8,17.98178,22.63484,17.9874,303.1
"2025-03-19 06:00:09",3009,18.07,9,17.98178,28.12513,17.9874,303.1
"2025-03-19 06:00:10",3010,18.07,10,17.97616,32.62596,17.9874,301.8
"2025-03-19 06:00:11",3011,18.07,11,17.97616,36.43583,17.9874,301.8
"2025-03-19 06:00:12",3012,18.07,12,17.97616,39.76765,17.9874,301.8
"2025-03-19 06:00:13",3013,18.07,13,17.97616,42.71506,17.9874,301.8
"2025-03-19 06:00:14",3014,18.07,14,17.98178,45.36584,17.9874,301.8
"2025-03-19 06:00:15",3015,18.07,15,17.97616,47.7746,17.9874,300.4
"2025-03-19 06:00:16",3016,18.05,16,17.95131,49.95829,17.96255,300.4
"2025-03-19 06:00:17",3017,18.07,17,17.98178,51.97394,17.9874,300.4
"2025-03-19 06:00:18",3018,18.07,18,17.98178,53.86426,17.9874,300.4
"2025-03-19 06:00:19",3019,18.07,19,17.98178,55.58995,17.99864,300.4
"2025-03-19 06:00:20",3020,18.07,20,17.98178,57.23184,17.99864,300.4
"2025-03-19 06:00:21",3021,18.07,21,17.99302,58.77463,18.00426,299.4
"2025-03-19 06:00:22",3022,18.07,22,17.99302,60.23483,18.00987,299
"2025-03-19 06:00:23",3023,18.07,23,18.00426,57.62978,18.02111,0
"2025-03-19 06:00:24",3024,18.07,24,18.01549,54.00822,18.03235,0
"2025-03-19 06:00:25",3025,18.07,25,18.02673,51.09111,18.04921,0
"2025-03-19 06:00:26",3026,18.07,26,18.03797,48.67773,18.06606,0
"2025-03-19 06:00:27",3027,18.07,27,18.05482,46.61168,18.08291,0
"2025-03-19 06:00:28",3028,18.07,28,18.07168,44.83123,18.10539,0
"2025-03-19 06:00:29",3029,18.07,29,18.09415,43.26731,18.13347,0
"2025-03-19 06:00:30",3030,18.07,30,18.11662,41.86417,18.16718,0
"2025-03-19 06:00:31",3031,18.07,31,18.14471,40.61029,18.19527,0
"2025-03-19 06:00:32",3032,18.07,32,18.1728,39.47927,18.22897,0
"2025-03-19 06:00:33",3033,18.07,33,18.2065,38.45541,18.26267,0
"2025-03-19 06:00:34",3034,18.07,34,18.2402,37.51732,18.30198,0
"2025-03-19 06:00:35",3035,18.07,35,18.2739,36.66538,18.3413,0
"2025-03-19 06:00:36",3036,18.07,36,18.31883,35.86708,18.38061,0
"2025-03-19 06:00:37",3037,18.07,37,18.35253,35.13905,18.4143,0
"2025-03-19 06:00:38",3038,18.07,38,18.39184,34.45956,18.45922,0
"2025-03-19 06:00:39",3039,18.07,39,18.42553,33.83428,18.49853,0
"2025-03-19 06:00:40",3040,18.07,40,18.46484,33.24687,18.54905,0
"2025-03-19 06:00:41",3041,18.07,41,18.50414,32.70292,18.58835,0
"2025-03-19 06:00:42",3042,18.07,42,18.54905,32.18602,18.63326,0
"2025-03-19 06:00:43",3043,18.07,43,18.58274,31.71278,18.67255,0
"2025-03-19 06:00:44",3044,18.07,44,18.62765,31.25573,18.71184,0
"2025-03-19 06:00:45",3045,18.07,45,18.66133,30.83144,18.75113,0
"2025-03-19 06:00:46",3046,18.07,46,18.70623,30.42895,18.79042,0
"2025-03-19 06:00:47",3047,18.07,47,18.73991,30.04828,18.8297,0
"2025-03-19 06:00:48",3048,18.07,48,18.77358,29.69501,18.86898,0
"2025-03-19 06:00:49",3049,18.07,49,18.80726,29.35261,18.90265,0
"2025-03-19 06:00:50",3050,18.07,50,18.84093,29.03213,18.94193,0
"2025-03-19 06:00:51",3051,18.07,51,18.8746,28.72256,18.9756,0
"2025-03-19 06:00:52",3052,18.07,52,18.90826,28.43497,19.00365,0
"2025-03-19 06:00:53",3053,18.07,53,18.94193,28.15833,19.0317,0
"2025-03-19 06:00:54",3054,18.07,54,18.9756,27.89265,19.06536,0
"2025-03-19 06:00:55",3055,18.07,55,18.99804,27.63793,19.0878,0
"2025-03-19 06:00:56",3056,18.07,56,19.0317,27.39975,19.12145,0
"2025-03-19 06:00:57",3057,18.07,57,19.05414,27.16702,19.14389,0
"2025-03-19 06:00:58",3058,18.07,58,19.07658,26.95084,19.16633,0
"2025-03-19 06:00:59",3059,18.07,59,19.11023,26.74014,19.19437,0
"2025-03-19 06:01:00",3060,18.07,60,19.13267,26.53491,19.2168,0
"2025-03-19 06:01:01",3061,18.07,61,19.15511,26.34073,19.23363,0
"2025-03-19 06:01:02",3062,18.07,62,19.16633,26.15759,19.25606,0
"2025-03-19 06:01:03",3063,18.07,63,19.18876,25.97995,19.2785,0
"2025-03-19 06:01:04",3064,18.07,64,19.2112,25.80226,19.29532,0
"2025-03-19 06:01:05",3065,18.07,65,19.22802,25.63563,19.31214,0
"2025-03-19 06:01:06",3066,18.07,66,19.24485,25.48008,19.32896,0
"2025-03-19 06:01:07",3067,18.07,67,19.26167,25.32449,19.34018,0
"2025-03-19 06:01:08",3068,18.07,68,19.2785,25.17998,19.357,0
"2025-03-19 06:01:09",3069,18.07,69,19.28971,25.03544,19.36822,0
"2025-03-19 06:01:10",3070,18.07,70,19.30093,24.90199,19.37943,0
"2025-03-19 06:01:11",3071,18.07,71,19.32336,24.76851,19.39065,0
"2025-03-19 06:01:12",3072,18.07,72,19.33457,24.63502,19.40747,0
"2025-03-19 06:01:13",3073,18.07,73,19.34018,24.51261,19.41307,0
"2025-03-19 06:01:14",3074,18.07,74,19.3514,24.39019,19.42429,0
"2025-03-19 06:01:15",3075,18.07,75,19.357,24.27887,19.4355,0
"2025-03-19 06:01:16",3076,18.07,76,19.36822,24.16754,19.44111,0
"2025-03-19 06:01:17",3077,18.07,77,19.37943,24.05619,19.44672,0
"2025-03-19 06:01:18",3078,18.07,78,19.38504,23.94483,19.45232,0
"2025-03-19 06:01:19",3079,18.07,79,19.39065,23.84457,19.45793,0
"2025-03-19 06:01:20",3080,18.07,80,19.40186,23.74431,19.46914,0
"2025-03-19 06:01:21",3081,18.07,81,19.40747,23.6496,19.46914,0
"2025-03-19 06:01:22",3082,18.07,82,19.41307,23.55489,19.48036,0
"2025-03-19 06:01:23",3083,18.07,83,19.41868,23.46572,19.48036,0
"2025-03-19 06:01:24",3084,18.07,84,19.42429,23.37655,19.48596,0
"2025-03-19 06:01:25",3085,18.07,85,19.42429,23.28737,19.49157,0
"2025-03-19 06:01:26",3086,18.07,86,19.4355,23.20932,19.49157,0
"2025-03-19 06:01:27",3087,18.07,87,19.4355,23.13127,19.49157,0
"2025-03-19 06:01:28",3088,18.07,88,19.44111,23.0532,19.49717,0
"2025-03-19 06:01:29",3089,18.07,89,19.44111,22.97513,19.50278,0
"2025-03-19 06:01:30",3090,18.07,90,19.44672,22.89705,19.49717,0
"2025-03-19 06:01:31",3091,18.07,91,19.44672,22.83011,19.50278,0
"2025-03-19 06:01:32",3092,18.07,92,19.44672,22.75759,19.50278,0
"2025-03-19 06:01:33",3093,18.07,93,19.44672,22.68506,19.50278,0
"2025-03-19 06:01:34",3094,18.07,94,19.44672,22.6181,19.50278,0
"2025-03-19 06:01:35",3095,18.07,95,19.44672,22.55114,19.50278,0
"2025-03-19 06:01:36",3096,18.07,96,19.44672,22.48417,19.50278,0
"2025-03-19 06:01:37",3097,18.07,97,19.44672,22.42836,19.50278,0
"2025-03-19 06:01:38",3098,18.07,98,19.44672,22.37254,19.50278,0
"2025-03-19 06:01:39",3099,18.07,99,19.45232,22.30555,19.49717,0
"2025-03-19 06:01:40",3100,18.07,100,19.44672,22.24972,19.50278,0
"2025-03-19 06:01:41",3101,18.07,101,19.44672,22.19389,19.49717,0
"2025-03-19 06:01:42",3102,18.07,102,19.44672,22.13805,19.49157,0
"2025-03-19 06:01:43",3103,18.07,103,19.44672,22.08221,19.49157,0
"2025-03-19 06:01:44",3104,18.07,104,19.44672,22.03195,19.49157,0
"2025-03-19 06:01:45",3105,18.07,105,19.44672,21.98168,19.49157,0
"2025-03-19 06:01:46",3106,18.07,106,19.44111,21.93141,19.49157,0
"2025-03-19 06:01:47",3107,18.07,107,19.44111,21.88114,19.48036,0
"2025-03-19 06:01:48",3108,18.07,108,19.4355,21.83645,19.48036,0
"2025-03-19 06:01:49",3109,18.07,109,19.4355,21.78058,19.48036,0
"2025-03-19 06:01:50",3110,18.07,110,19.4355,21.74147,19.46914,0
"2025-03-19 06:01:51",3111,18.07,111,19.4355,21.69677,19.46914,0
"2025-03-19 06:01:52",3112,18.07,112,19.42429,21.64648,19.46914,0
"2025-03-19 06:01:53",3113,18.07,113,19.42429,21.61295,19.46354,0
"2025-03-19 06:01:54",3114,18.07,114,19.42429,21.56824,19.46354,0
"2025-03-19 06:01:55",3115,18.07,115,19.42429,21.52353,19.45793,0
"2025-03-19 06:01:56",3116,18.07,116,19.41868,21.48999,19.45793,0
"2025-03-19 06:01:57",3117,18.07,117,19.41307,21.44527,19.45232,0
"2025-03-19 06:01:58",3118,18.07,118,19.41307,21.40615,19.44672,0
"2025-03-19 06:01:59",3119,18.07,119,19.40186,21.36701,19.44111,0
"2025-03-19 06:02:00",3120,18.07,120,19.40186,21.33347,19.4355,0
"2025-03-19 06:02:01",3121,18.07,121,19.40186,21.29992,19.4355,0
"2025-03-19 06:02:02",3122,18.07,122,19.39626,21.26078,19.4299,0
"2025-03-19 06:02:03",3123,18.07,123,19.39065,21.22165,19.42429,0
"2025-03-19 06:02:04",3124,18.07,124,19.39065,21.18809,19.42429,0
"2025-03-19 06:02:05",3125,18.07,125,19.38504,21.15454,19.41307,0
"2025-03-19 06:02:06",3126,18.07,126,19.37943,21.12099,19.41307,0
"2025-03-19 06:02:07",3127,18.07,127,19.37943,21.08743,19.41307,0
"2025-03-19 06:02:08",3128,18.07,128,19.37383,21.05947,19.40186,0
"2025-03-19 06:02:09",3129,18.07,129,19.36822,21.02591,19.40186,0
"2025-03-19 06:02:10",3130,18.07,130,19.36822,20.99794,19.40186,0
"2025-03-19 06:02:11",3131,18.07,131,19.36261,20.96438,19.39065,0
"2025-03-19 06:02:12",3132,18.07,132,19.357,20.942,19.39065,0
"2025-03-19 06:02:13",3133,18.07,133,19.3514,20.90844,19.37943,0
"2025-03-19 06:02:14",3134,18.07,134,19.34579,20.88046,19.37943,0
"2025-03-19 06:02:15",3135,18.07,135,19.34579,20.85249,19.37383,0
"2025-03-19 06:02:16",3136,18.07,136,19.33457,20.81892,19.36822,0
"2025-03-19 06:02:17",3137,18.07,137,19.33457,20.79654,19.36822,0
"2025-03-19 06:02:18",3138,18.07,138,19.33457,20.76856,19.357,0
"2025-03-19 06:02:19",3139,18.07,139,19.32896,20.74059,19.357,0
"2025-03-19 06:02:20",3140,18.07,140,19.31775,20.7182,19.34579,0
"2025-03-19 06:02:21",3141,18.07,141,19.32336,20.69582,19.34579,0
"2025-03-19 06:02:22",3142,18.07,142,19.31214,20.66784,19.34579,0
"2025-03-19 06:02:23",3143,18.07,143,19.30654,20.63986,19.33457,0
"2025-03-19 06:02:24",3144,18.07,144,19.30093,20.61747,19.33457,0
"2025-03-19 06:02:25",3145,18.07,145,19.30093,20.59508,19.32896,0
"2025-03-19 06:02:26",3146,18.07,146,19.29532,20.57269,19.32336,0
"2025-03-19 06:02:27",3147,18.07,147,19.28971,20.5503,19.31214,0
"2025-03-19 06:02:28",3148,18.07,148,19.28971,20.52792,19.31214,0
"2025-03-19 06:02:29",3149,18.07,149,19.2785,20.50552,19.30654,0
"2025-03-19 06:02:30",3150,18.07,150,19.2785,20.48313,19.30093,0
"2025-03-19 06:02:31",3151,18.07,151,19.27289,20.46074,19.30093,0
"2025-03-19 06:02:32",3152,18.07,152,19.26728,20.43835,19.28971,0
"2025-03-19 06:02:33",3153,18.07,153,19.26728,20.41595,19.28971,0
"2025-03-19 06:02:34",3154,18.07,154,19.25606,20.39916,19.2785,0
"2025-03-19 06:02:35",3155,18.07,155,19.25606,20.38236,19.2785,0
"2025-03-19 06:02:36",3156,18.07,156,19.24485,20.35997,19.27289,0
"2025-03-19 06:02:37",3157,18.07,157,19.24485,20.33757,19.26728,0
"2025-03-19 06:02:38",3158,18.07,158,19.24485,20.32637,19.26167,0
"2025-03-19 06:02:39",3159,18.07,159,19.23363,20.30397,19.25606,0
"2025-03-19 06:02:40",3160,18.07,160,19.23363,20.28158,19.25606,0
"2025-03-19 06:02:41",3161,18.07,161,19.22802,20.25918,19.25046,0
"2025-03-19 06:02:42",3162,18.07,162,19.22241,20.24798,19.24485,0
"2025-03-19 06:02:43",3163,18.07,163,19.22241,20.22558,19.24485,0
"2025-03-19 06:02:44",3164,18.07,164,19.2112,20.21438,19.23363,0
"2025-03-19 06:02:45",3165,18.07,165,19.2112,20.19198,19.23363,0
"2025-03-19 06:02:46",3166,18.07,166,19.19998,20.18078,19.22241,0
"2025-03-19 06:02:47",3167,18.07,167,19.19998,20.15837,19.22241,0
"2025-03-19 06:02:48",3168,18.07,168,19.19998,20.14717,19.2112,0
"2025-03-19 06:02:49",3169,18.07,169,19.18876,20.12477,19.2112,0
"2025-03-19 06:02:50",3170,18.07,170,19.18876,20.11357,19.2112,0
"2025-03-19 06:02:51",3171,18.07,171,19.18315,20.09117,19.19998,0
"2025-03-19 06:02:52",3172,18.07,172,19.17754,20.07996,19.19998,0
"2025-03-19 06:02:53",3173,18.07,173,19.17754,20.06876,19.19437,0
"2025-03-19 06:02:54",3174,18.07,174,19.16633,20.04635,19.18876,0
"2025-03-19 06:02:55",3175,18.07,175,19.16633,20.03515,19.18315,0
"2025-03-19 06:02:56",3176,18.07,176,19.15511,20.01835,19.17754,0
"2025-03-19 06:02:57",3177,18.07,177,19.15511,20.00154,19.17754,0
"2025-03-19 06:02:58",3178,18.07,178,19.15511,19.99034,19.16633,0
"2025-03-19 06:02:59",3179,18.07,179,19.14389,19.97913,19.16633,0
"2025-03-19 06:03:00",3180,18.07,180,19.14389,19.96232,19.16072,0
"2025-03-19 06:03:01",3181,18.07,181,19.14389,19.94552,19.15511,0
"2025-03-19 06:03:02",3182,18.07,182,19.13267,19.93431,19.15511,0
"2025-03-19 06:03:03",3183,18.07,183,19.13267,19.92311,19.1495,0
"2025-03-19 06:03:04",3184,18.07,184,19.12145,19.9007,19.14389,0
"2025-03-19 06:03:05",3185,18.07,185,19.12145,19.88949,19.14389,0
"2025-03-19 06:03:06",3186,18.07,186,19.12145,19.87828,19.13828,0
"2025-03-19 06:03:07",3187,18.07,187,19.11023,19.86708,19.13267,0
"2025-03-19 06:03:08",3188,18.07,188,19.11023,19.85587,19.12706,0
"2025-03-19 06:03:09",3189,18.07,189,19.10462,19.84467,19.12145,0
"2025-03-19 06:03:10",3190,18.07,190,19.09901,19.82786,19.12145,0
"2025-03-19 06:03:11",3191,18.07,191,19.09901,19.81665,19.11584,0
"2025-03-19 06:03:12",3192,18.07,192,19.09341,19.79984,19.11023,0
"2025-03-19 06:03:13",3193,18.07,193,19.0878,19.78863,19.11023,0
"2025-03-19 06:03:14",3194,18.07,194,19.08219,19.77742,19.09901,0
"2025-03-19 06:03:15",3195,18.07,195,19.07658,19.76622,19.09901,0
"2025-03-19 06:03:16",3196,18.07,196,19.07658,19.75501,19.09341,0
"2025-03-19 06:03:17",3197,18.07,197,19.07097,19.7438,19.0878,0
"2025-03-19 06:03:18",3198,18.07,198,19.06536,19.73259,19.0878,0
"2025-03-19 06:03:19",3199,18.07,199,19.06536,19.72138,19.08219,0
"2025-03-19 06:03:20",3200,18.07,200,19.05975,19.71017,19.07658,0
"2025-03-19 06:03:21",3201,18.07,201,19.05414,19.69897,19.07658,0
"2025-03-19 06:03:22",3202,18.07,202,19.05414,19.68776,19.06536,0
"2025-03-19 06:03:23",3203,18.07,203,19.04292,19.67655,19.06536,0
"2025-03-19 06:03:24",3204,18.07,204,19.04292,19.66534,19.05975,0
"2025-03-19 06:03:25",3205,18.07,205,19.04292,19.65413,19.05414,0
"2025-03-19 06:03:26",3206,18.07,206,19.0317,19.65413,19.05414,0
"2025-03-19 06:03:27",3207,18.07,207,19.0317,19.64292,19.04853,0
"2025-03-19 06:03:28",3208,18.07,208,19.0317,19.63171,19.04292,0
"2025-03-19 06:03:29",3209,18.07,209,19.02048,19.6205,19.04292,0
"2025-03-19 06:03:30",3210,18.07,210,19.02048,19.60929,19.03731,0
"2025-03-19 06:03:31",3211,18.07,211,19.02048,19.59808,19.0317,0
"2025-03-19 06:03:32",3212,18.07,212,19.00926,19.58687,19.0317,0
"2025-03-19 06:03:33",3213,18.07,213,19.00926,19.57565,19.02609,0
"2025-03-19 06:03:34",3214,18.07,214,18.99804,19.57005,19.02048,0
"2025-03-19 06:03:35",3215,18.07,215,18.99804,19.56444,19.02048,0
"2025-03-19 06:03:36",3216,18.07,216,18.99804,19.55323,19.00926,0
"2025-03-19 06:03:37",3217,18.07,217,18.99243,19.54202,19.00926,0
"2025-03-19 06:03:38",3218,18.07,218,18.98681,19.53081,19.00926,0
"2025-03-19 06:03:39",3219,18.07,219,18.98681,19.5196,19.00365,0
"2025-03-19 06:03:40",3220,18.07,220,18.98681,19.51399,18.99804,0
"2025-03-19 06:03:41",3221,18.07,221,18.9756,19.50838,18.99804,0
"2025-03-19 06:03:42",3222,18.07,222,18.9756,19.49717,18.98681,0
"2025-03-19 06:03:43",3223,18.07,223,18.9756,19.48596,18.98681,0
"2025-03-19 06:03:44",3224,18.07,224,18.96998,19.48596,18.98681,0
"2025-03-19 06:03:45",3225,18.07,225,18.96437,19.47475,18.9812,0
"2025-03-19 06:03:46",3226,18.07,226,18.96437,19.46354,18.9756,0
"2025-03-19 06:03:47",3227,18.07,227,18.95876,19.45232,18.9756,0
"2025-03-19 06:03:48",3228,18.07,228,18.95315,19.45232,18.96998,0
"2025-03-19 06:03:49",3229,18.07,229,18.95315,19.44111,18.96437,0
"2025-03-19 06:03:50",3230,18.07,230,18.94754,19.4299,18.96437,0
"2025-03-19 06:03:51",3231,18.07,231,18.94193,19.4299,18.96437,0
"2025-03-19 06:03:52",3232,18.07,232,18.94193,19.41868,18.95315,0
"2025-03-19 06:03:53",3233,18.07,233,18.94193,19.40747,18.95315,0
"2025-03-19 06:03:54",3234,18.07,234,18.93071,19.39626,18.95315,0
"2025-03-19 06:03:55",3235,18.07,235,18.93071,19.39626,18.94754,0
"2025-03-19 06:03:56",3236,18.07,236,18.93071,19.38504,18.94193,0
"2025-03-19 06:03:57",3237,18.07,237,18.9251,19.37943,18.94193,0
"2025-03-19 06:03:58",3238,18.07,238,18.91949,19.37383,18.93632,0
"2025-03-19 06:03:59",3239,18.07,239,18.91949,19.36261,18.93632,0
"2025-03-19 06:04:00",3240,18.07,240,18.91387,19.357,18.93071,0
"2025-03-19 06:04:01",3241,18.07,241,18.90826,19.3514,18.93071,0
"2025-03-19 06:04:02",3242,18.07,242,18.90826,19.34018,18.91949,0
"2025-03-19 06:04:03",3243,18.07,243,18.90826,19.33457,18.91949,0
"2025-03-19 06:04:04",3244,18.07,244,18.89704,19.32896,18.91949,0
"2025-03-19 06:04:05",3245,18.07,245,18.89704,19.32336,18.91387,0
"2025-03-19 06:04:06",3246,18.07,246,18.89704,19.31775,18.90826,0
"2025-03-19 06:04:07",3247,18.07,247,18.89704,19.30654,18.90265,0
"2025-03-19 06:04:08",3248,18.07,248,18.89143,19.30093,18.90265,0
"2025-03-19 06:04:09",3249,18.07,249,18.88582,19.29532,18.89704,0
"2025-03-19 06:04:10",3250,18.07,250,18.88021,19.28411,18.90265,0
"2025-03-19 06:04:11",3251,18.07,251,18.88021,19.28411,18.89704,0
"2025-03-19 06:04:12",3252,18.07,252,18.8746,19.27289,18.89143,0
"2025-03-19 06:04:13",3253,18.07,253,18.8746,19.27289,18.88582,0
"2025-03-19 06:04:14",3254,18.07,254,18.8746,19.26167,18.88582,0
"2025-03-19 06:04:15",3255,18.07,255,18.86337,19.25606,18.88021,0
"2025-03-19 06:04:16",3256,18.07,256,18.86337,19.25046,18.88021,0
"2025-03-19 06:04:17",3257,18.07,257,18.86337,19.23924,18.8746,0
"2025-03-19 06:04:18",3258,18.07,258,18.86337,19.23924,18.8746,0
"2025-03-19 06:04:19",3259,18.07,259,18.85215,19.22802,18.86898,0
"2025-03-19 06:04:20",3260,18.07,260,18.85215,19.22802,18.86898,0
"2025-03-19 06:04:21",3261,18.07,261,18.84654,19.2168,18.86337,0
"2025-03-19 06:04:22",3262,18.07,262,18.85215,19.2168,18.86337,0
"2025-03-19 06:04:23",3263,18.07,263,18.84093,19.20559,18.85776,0
"2025-03-19 06:04:24",3264,18.07,264,18.84093,19.19998,18.85215,0
"2025-03-19 06:04:25",3265,18.07,265,18.84093,19.19437,18.85215,0
"2025-03-19 06:04:26",3266,18.07,266,18.83531,19.18876,18.85215,0
"2025-03-19 06:04:27",3267,18.07,267,18.8297,19.18315,18.84654,0
"2025-03-19 06:04:28",3268,18.07,268,18.8297,19.17754,18.84093,0
"2025-03-19 06:04:29",3269,18.07,269,18.8297,19.17194,18.84093,0
"2025-03-19 06:04:30",3270,18.07,270,18.81848,19.16072,18.84093,0
"2025-03-19 06:04:31",3271,18.07,271,18.81848,19.16072,18.83531,0
"2025-03-19 06:04:32",3272,18.07,272,18.81848,19.16072,18.8297,0
"2025-03-19 06:04:33",3273,18.07,273,18.81848,19.1495,18.8297,0
"2025-03-19 06:04:34",3274,18.07,274,18.81287,19.1495,18.8297,0
"2025-03-19 06:04:35",3275,18.07,275,18.80726,19.13828,18.8297,0
"2025-03-19 06:04:36",3276,18.07,276,18.80726,19.13828,18.81848,0
"2025-03-19 06:04:37",3277,18.07,277,18.80726,19.12706,18.81848,0
"2025-03-19 06:04:38",3278,18.07,278,18.80164,19.12706,18.81848,0
"2025-03-19 06:04:39",3279,18.07,279,18.79603,19.11584,18.81287,0
"2025-03-19 06:04:40",3280,18.07,280,18.79603,19.11584,18.80726,0
"2025-03-19 06:04:41",3281,18.07,281,18.79042,19.10462,18.80726,0
"2025-03-19 06:04:42",3282,18.07,282,18.79042,19.10462,18.80726,0
"2025-03-19 06:04:43",3283,18.07,283,18.78481,19.09901,18.80164,0
"2025-03-19 06:04:44",3284,18.07,284,18.78481,19.09341,18.80164,0
"2025-03-19 06:04:45",3285,18.07,285,18.78481,19.0878,18.79603,0
"2025-03-19 06:04:46",3286,18.07,286,18.77919,19.08219,18.79603,0
"2025-03-19 06:04:47",3287,18.07,287,18.77919,19.08219,18.79042,0
"2025-03-19 06:04:48",3288,18.07,288,18.77919,19.07097,18.79042,0
"2025-03-19 06:04:49",3289,18.07,289,18.77358,19.07097,18.78481,0
"2025-03-19 06:04:50",3290,18.07,290,18.77358,19.06536,18.78481,0
"2025-03-19 06:04:51",3291,18.07,291,18.76236,19.05975,18.78481,0
"2025-03-19 06:04:52",3292,18.07,292,18.76236,19.05975,18.77919,0
"2025-03-19 06:04:53",3293,18.07,293,18.76236,19.04853,18.77919,0
"2025-03-19 06:04:54",3294,18.07,294,18.76236,19.04853,18.77358,0
"2025-03-19 06:04:55",3295,18.07,295,18.75675,19.04292,18.77358,0
"2025-03-19 06:04:56",3296,18.07,296,18.75113,19.03731,18.77358,0
"2025-03-19 06:04:57",3297,18.07,297,18.75113,19.0317,18.76236,0
"2025-03-19 06:04:58",3298,18.07,298,18.75113,19.02609,18.76236,0
"2025-03-19 06:04:59",3299,18.07,299,18.75113,19.02609,18.76236,0
"2025-03-19 08:00:00",3300,18.02,0,17.95229,17.96914,17.96914,0
"2025-03-19 08:00:01",3301,18.02,1,17.95229,17.96914,17.96914,0
"2025-03-19 08:00:02",3302,18.02,2,17.95229,17.96914,17.96914,0
"2025-03-19 08:00:03",3303,18.02,3,17.95229,17.96914,17.96914,0
"2025-03-19 08:00:04",3304,18.02,4,17.95229,17.96914,17.96914,0
"2025-03-19 08:00:05",3305,18.02,5,17.95229,17.96914,17.96914,0
"2025-03-19 08:00:06",3306,18.02,6,17.95229,17.96914,17.96914,0
"2025-03-19 08:00:07",3307,18.02,7,17.95229,17.96914,17.96914,0
"2025-03-19 08:00:08",3308,18.02,8,17.95229,22.61114,17.96914,303.2
"2025-03-19 08:00:09",3309,18.02,9,17.95229,28.10714,17.96914,303.2
"2025-03-19 08:00:10",3310,18.02,10,17.95229,32.5971,17.96914,301.8
"2025-03-19 08:00:11",3311,18.02,11,17.95229,36.41807,17.96914,301.8
"2025-03-19 08:00:12",3312,18.02,12,17.95229,39.73909,17.96914,301.8
"2025-03-19 08:00:13",3313,18.02,13,17.95229,42.68663,17.96914,301.8
"2025-03-19 08:00:14",3314,18.02,14,17.95229,45.34833,17.96914,301.5
"2025-03-19 08:00:15",3315,18.02,15,17.95229,47.741,17.96914,300.4
"2025-03-19 08:00:16",3316,18.02,16,17.9579,49.94851,17.96914,300.4
"2025-03-19 08:00:17",3317,18.02,17,17.95229,51.95659,17.96914,300.4
"2025-03-19 08:00:18",3318,18.02,18,17.95229,53.84695,17.97476,300.4
"2025-03-19 08:00:19",3319,18.02,19,17.9579,55.57269,17.97476,300.4
"2025-03-19 08:00:20",3320,18.02,20,17.96352,57.21462,17.98038,300.4
"2025-03-19 08:00:21",3321,18.02,21,17.96352,58.75745,17.986,299.1
"2025-03-19 08:00:22",3322,18.02,22,17.96914,60.20182,17.99724,299.1
"2025-03-19 08:00:23",3323,18.02,23,17.97476,57.59666,18.00286,0
"2025-03-19 08:00:24",3324,18.02,24,17.986,53.97493,18.01409,0
"2025-03-19 08:00:25",3325,18.02,25,17.99724,51.05769,18.03095,0
"2025-03-19 08:00:26",3326,18.02,26,18.00848,48.64419,18.04781,0
"2025-03-19 08:00:27",3327,18.02,27,18.03095,46.5942,18.07028,0
"2025-03-19 08:00:28",3328,18.02,28,18.04781,44.78128,18.09275,0
"2025-03-19 08:00:29",3329,18.02,29,18.07028,43.22266,18.11522,0
"2025-03-19 08:00:30",3330,18.02,30,18.09837,41.83027,18.14331,0
"2025-03-19 08:00:31",3331,18.02,31,18.12084,40.57633,18.17702,0
"2025-03-19 08:00:32",3332,18.02,32,18.15455,39.44527,18.21072,0
"2025-03-19 08:00:33",3333,18.02,33,18.17702,38.4159,18.24442,0
"2025-03-19 08:00:34",3334,18.02,34,18.21634,37.47776,18.27812,0
"2025-03-19 08:00:35",3335,18.02,35,18.25004,36.6203,18.32305,0
"2025-03-19 08:00:36",3336,18.02,36,18.28935,35.82742,18.36236,0
"2025-03-19 08:00:37",3337,18.02,37,18.32305,35.10482,18.40167,0
"2025-03-19 08:00:38",3338,18.02,38,18.36798,34.4253,18.43536,0
"2025-03-19 08:00:39",3339,18.02,39,18.39605,33.79999,18.48028,0
"2025-03-19 08:00:40",3340,18.02,40,18.44098,33.21255,18.5252,0
"2025-03-19 08:00:41",3341,18.02,41,18.47467,32.66307,18.57011,0
"2025-03-19 08:00:42",3342,18.02,42,18.51958,32.15715,18.60941,0
"2025-03-19 08:00:43",3343,18.02,43,18.55327,31.67287,18.6487,0
"2025-03-19 08:00:44",3344,18.02,44,18.59818,31.2213,18.688,0
"2025-03-19 08:00:45",3345,18.02,45,18.63748,30.80251,18.7329,0
"2025-03-19 08:00:46",3346,18.02,46,18.67677,30.39999,18.76657,0
"2025-03-19 08:00:47",3347,18.02,47,18.71045,30.01931,18.80586,0
"2025-03-19 08:00:48",3348,18.02,48,18.74412,29.66051,18.84514,0
"2025-03-19 08:00:49",3349,18.02,49,18.78341,29.32361,18.87881,0
"2025-03-19 08:00:50",3350,18.02,50,18.81708,28.99759,18.91809,0
"2025-03-19 08:00:51",3351,18.02,51,18.85075,28.69354,18.94614,0
"2025-03-19 08:00:52",3352,18.02,52,18.88442,28.4004,18.97981,0
"2025-03-19 08:00:53",3353,18.02,53,18.91248,28.12375,19.00786,0
"2025-03-19 08:00:54",3354,18.02,54,18.94614,27.85805,19.04152,0
"2025-03-19 08:00:55",3355,18.02,55,18.96859,27.61441,19.06957,0
"2025-03-19 08:00:56",3356,18.02,56,19.00225,27.37067,19.09201,0
"2025-03-19 08:00:57",3357,18.02,57,19.02469,27.13793,19.12006,0
"2025-03-19 08:00:58",3358,18.02,58,19.05274,26.9162,19.1481,0
"2025-03-19 08:00:59",3359,18.02,59,19.07518,26.70548,19.17054,0
"2025-03-19 08:01:00",3360,18.02,60,19.09762,26.50579,19.19298,0
"2025-03-19 08:01:01",3361,18.02,61,19.12006,26.3116,19.2098,0
"2025-03-19 08:01:02",3362,18.02,62,19.13688,26.12845,19.23224,0
"2025-03-19 08:01:03",3363,18.02,63,19.15932,25.9508,19.25467,0
"2025-03-19 08:01:04",3364,18.02,64,19.18176,25.77311,19.27149,0
"2025-03-19 08:01:05",3365,18.02,65,19.20419,25.61759,19.28271,0
"2025-03-19 08:01:06",3366,18.02,66,19.21541,25.45091,19.30514,0
"2025-03-19 08:01:07",3367,18.02,67,19.23224,25.30088,19.31636,0
"2025-03-19 08:01:08",3368,18.02,68,19.24906,25.1508,19.32757,0
"2025-03-19 08:01:09",3369,18.02,69,19.26028,25.00626,19.35,0
"2025-03-19 08:01:10",3370,18.02,70,19.27149,24.8728,19.35561,0
"2025-03-19 08:01:11",3371,18.02,71,19.28832,24.73932,19.36682,0
"2025-03-19 08:01:12",3372,18.02,72,19.29392,24.60581,19.37804,0
"2025-03-19 08:01:13",3373,18.02,73,19.31075,24.4834,19.39486,0
"2025-03-19 08:01:14",3374,18.02,74,19.31636,24.36098,19.40047,0
"2025-03-19 08:01:15",3375,18.02,75,19.32757,24.24966,19.41168,0
"2025-03-19 08:01:16",3376,18.02,76,19.33879,24.13832,19.41729,0
"2025-03-19 08:01:17",3377,18.02,77,19.35,24.02697,19.4229,0
"2025-03-19 08:01:18",3378,18.02,78,19.36122,23.92673,19.43411,0
"2025-03-19 08:01:19",3379,18.02,79,19.36682,23.81534,19.43971,0
"2025-03-19 08:01:20",3380,18.02,80,19.37243,23.71507,19.43971,0
"2025-03-19 08:01:21",3381,18.02,81,19.37243,23.62593,19.44532,0
"2025-03-19 08:01:22",3382,18.02,82,19.38365,23.53121,19.45093,0
"2025-03-19 08:01:23",3383,18.02,83,19.38365,23.43647,19.45653,0
"2025-03-19 08:01:24",3384,18.02,84,19.39486,23.3473,19.45653,0
"2025-03-19 08:01:25",3385,18.02,85,19.39486,23.26926,19.46214,0
"2025-03-19 08:01:26",3386,18.02,86,19.40047,23.18006,19.46775,0
"2025-03-19 08:01:27",3387,18.02,87,19.40607,23.102,19.46775,0
"2025-03-19 08:01:28",3388,18.02,88,19.40607,23.02393,19.46775,0
"2025-03-19 08:01:29",3389,18.02,89,19.40607,22.94586,19.47335,0
"2025-03-19 08:01:30",3390,18.02,90,19.41168,22.86777,19.47335,0
"2025-03-19 08:01:31",3391,18.02,91,19.41729,22.80083,19.47335,0
"2025-03-19 08:01:32",3392,18.02,92,19.41729,22.72831,19.47335,0
"2025-03-19 08:01:33",3393,18.02,93,19.41729,22.66135,19.47335,0
"2025-03-19 08:01:34",3394,18.02,94,19.41729,22.58882,19.47335,0
"2025-03-19 08:01:35",3395,18.02,95,19.41729,22.52185,19.47335,0
"2025-03-19 08:01:36",3396,18.02,96,19.41729,22.46045,19.47335,0
"2025-03-19 08:01:37",3397,18.02,97,19.41729,22.39906,19.47335,0
"2025-03-19 08:01:38",3398,18.02,98,19.41729,22.34324,19.47335,0
"2025-03-19 08:01:39",3399,18.02,99,19.41729,22.27625,19.47335,0
"2025-03-19 08:01:40",3400,18.02,100,19.41729,22.22042,19.46775,0
"2025-03-19 08:01:41",3401,18.02,101,19.41729,22.16458,19.46775,0
"2025-03-19 08:01:42",3402,18.02,102,19.41729,22.10874,19.46214,0
"2025-03-19 08:01:43",3403,18.02,103,19.41168,22.0529,19.46214,0
"2025-03-19 08:01:44",3404,18.02,104,19.40607,22.00263,19.46214,0
"2025-03-19 08:01:45",3405,18.02,105,19.40607,21.95236,19.46214,0
"2025-03-19 08:01:46",3406,18.02,106,19.40607,21.89651,19.46214,0
"2025-03-19 08:01:47",3407,18.02,107,19.40607,21.85182,19.45653,0
"2025-03-19 08:01:48",3408,18.02,108,19.40607,21.80712,19.45093,0
"2025-03-19 08:01:49",3409,18.02,109,19.40047,21.76243,19.45093,0
"2025-03-19 08:01:50",3410,18.02,110,19.39486,21.71214,19.44532,0
"2025-03-19 08:01:51",3411,18.02,111,19.39486,21.66185,19.43971,0
"2025-03-19 08:01:52",3412,18.02,112,19.39486,21.62273,19.43971,0
"2025-03-19 08:01:53",3413,18.02,113,19.39486,21.58362,19.43411,0
"2025-03-19 08:01:54",3414,18.02,114,19.38365,21.5389,19.43411,0
"2025-03-19 08:01:55",3415,18.02,115,19.38365,21.49419,19.4285,0
"2025-03-19 08:01:56",3416,18.02,116,19.38365,21.46065,19.4229,0
"2025-03-19 08:01:57",3417,18.02,117,19.37804,21.41593,19.41729,0
"2025-03-19 08:01:58",3418,18.02,118,19.37243,21.3768,19.41729,0
"2025-03-19 08:01:59",3419,18.02,119,19.37243,21.33767,19.41168,0
"2025-03-19 08:02:00",3420,18.02,120,19.36682,21.30412,19.41168,0
"2025-03-19 08:02:01",3421,18.02,121,19.36122,21.25939,19.40607,0
"2025-03-19 08:02:02",3422,18.02,122,19.36122,21.22585,19.39486,0
"2025-03-19 08:02:03",3423,18.02,123,19.35561,21.1923,19.39486,0
"2025-03-19 08:02:04",3424,18.02,124,19.35,21.15874,19.38925,0
"2025-03-19 08:02:05",3425,18.02,125,19.35,21.12519,19.38365,0
"2025-03-19 08:02:06",3426,18.02,126,19.35,21.09163,19.38365,0
"2025-03-19 08:02:07",3427,18.02,127,19.33879,21.05807,19.37804,0
"2025-03-19 08:02:08",3428,18.02,128,19.33879,21.02451,19.37243,0
"2025-03-19 08:02:09",3429,18.02,129,19.33318,21.00214,19.37243,0
"2025-03-19 08:02:10",3430,18.02,130,19.32757,20.96858,19.36122,0
"2025-03-19 08:02:11",3431,18.02,131,19.32757,20.93502,19.36122,0
"2025-03-19 08:02:12",3432,18.02,132,19.32196,20.90145,19.36122,0
"2025-03-19 08:02:13",3433,18.02,133,19.31636,20.87907,19.35,0
"2025-03-19 08:02:14",3434,18.02,134,19.31075,20.8511,19.34439,0
"2025-03-19 08:02:15",3435,18.02,135,19.30514,20.82312,19.34439,0
"2025-03-19 08:02:16",3436,18.02,136,19.30514,20.78955,19.33879,0
"2025-03-19 08:02:17",3437,18.02,137,19.29392,20.76717,19.32757,0
"2025-03-19 08:02:18",3438,18.02,138,19.29392,20.7336,19.32757,0
"2025-03-19 08:02:19",3439,18.02,139,19.29392,20.71121,19.32196,0
"2025-03-19 08:02:20",3440,18.02,140,19.28271,20.68883,19.31636,0
"2025-03-19 08:02:21",3441,18.02,141,19.28271,20.66085,19.31075,0
"2025-03-19 08:02:22",3442,18.02,142,19.2771,20.63846,19.30514,0
"2025-03-19 08:02:23",3443,18.02,143,19.27149,20.61048,19.30514,0
"2025-03-19 08:02:24",3444,18.02,144,19.26028,20.58809,19.29392,0
"2025-03-19 08:02:25",3445,18.02,145,19.26028,20.5657,19.29392,0
"2025-03-19 08:02:26",3446,18.02,146,19.26028,20.54331,19.28832,0
"2025-03-19 08:02:27",3447,18.02,147,19.24906,20.52092,19.28271,0
"2025-03-19 08:02:28",3448,18.02,148,19.24906,20.49853,19.2771,0
"2025-03-19 08:02:29",3449,18.02,149,19.24345,20.47614,19.27149,0
"2025-03-19 08:02:30",3450,18.02,150,19.23784,20.45375,19.26588,0
"2025-03-19 08:02:31",3451,18.02,151,19.23784,20.43135,19.26588,0
"2025-03-19 08:02:32",3452,18.02,152,19.22663,20.40896,19.26028,0
"2025-03-19 08:02:33",3453,18.02,153,19.22663,20.38657,19.25467,0
"2025-03-19 08:02:34",3454,18.02,154,19.21541,20.36417,19.24906,0
"2025-03-19 08:02:35",3455,18.02,155,19.21541,20.34178,19.24345,0
"2025-03-19 08:02:36",3456,18.02,156,19.21541,20.33058,19.23784,0
"2025-03-19 08:02:37",3457,18.02,157,19.20419,20.30818,19.23784,0
"2025-03-19 08:02:38",3458,18.02,158,19.20419,20.28578,19.22663,0
"2025-03-19 08:02:39",3459,18.02,159,19.19298,20.26899,19.22102,0
"2025-03-19 08:02:40",3460,18.02,160,19.19298,20.24658,19.21541,0
"2025-03-19 08:02:41",3461,18.02,161,19.19298,20.22979,19.21541,0
"2025-03-19 08:02:42",3462,18.02,162,19.18176,20.21859,19.2098,0
"2025-03-19 08:02:43",3463,18.02,163,19.18176,20.19618,19.20419,0
"2025-03-19 08:02:44",3464,18.02,164,19.17054,20.17938,19.20419,0
"2025-03-19 08:02:45",3465,18.02,165,19.17054,20.16258,19.19298,0
"2025-03-19 08:02:46",3466,18.02,166,19.15932,20.14018,19.19298,0
"2025-03-19 08:02:47",3467,18.02,167,19.15932,20.12898,19.18176,0
"2025-03-19 08:02:48",3468,18.02,168,19.15932,20.10657,19.18176,0
"2025-03-19 08:02:49",3469,18.02,169,19.1481,20.09537,19.18176,0
"2025-03-19 08:02:50",3470,18.02,170,19.1481,20.07297,19.17054,0
"2025-03-19 08:02:51",3471,18.02,171,19.13688,20.06176,19.16493,0
"2025-03-19 08:02:52",3472,18.02,172,19.13688,20.04496,19.16493,0
"2025-03-19 08:02:53",3473,18.02,173,19.13128,20.02815,19.15932,0
"2025-03-19 08:02:54",3474,18.02,174,19.12566,20.01695,19.15371,0
"2025-03-19 08:02:55",3475,18.02,175,19.12566,20.00015,19.1481,0
"2025-03-19 08:02:56",3476,18.02,176,19.11445,19.98334,19.14249,0
"2025-03-19 08:02:57",3477,18.02,177,19.11445,19.96653,19.14249,0
"2025-03-19 08:02:58",3478,18.02,178,19.10884,19.94973,19.13688,0
"2025-03-19 08:02:59",3479,18.02,179,19.10323,19.93852,19.12566,0
"2025-03-19 08:03:00",3480,18.02,180,19.10323,19.92732,19.12566,0
"2025-03-19 08:03:01",3481,18.02,181,19.09201,19.90491,19.12006,0
"2025-03-19 08:03:02",3482,18.02,182,19.09201,19.8937,19.11445,0
"2025-03-19 08:03:03",3483,18.02,183,19.0864,19.88249,19.10884,0
"2025-03-19 08:03:04",3484,18.02,184,19.08079,19.87129,19.10884,0
"2025-03-19 08:03:05",3485,18.02,185,19.08079,19.86008,19.09762,0
"2025-03-19 08:03:06",3486,18.02,186,19.07518,19.84327,19.09762,0
"2025-03-19 08:03:07",3487,18.02,187,19.06957,19.83207,19.09201,0
"2025-03-19 08:03:08",3488,18.02,188,19.06957,19.81526,19.0864,0
"2025-03-19 08:03:09",3489,18.02,189,19.05835,19.80405,19.0864,0
"2025-03-19 08:03:10",3490,18.02,190,19.05835,19.79284,19.08079,0
"2025-03-19 08:03:11",3491,18.02,191,19.05835,19.78163,19.07518,0
"2025-03-19 08:03:12",3492,18.02,192,19.04713,19.77043,19.06957,0
"2025-03-19 08:03:13",3493,18.02,193,19.04152,19.75922,19.06957,0
"2025-03-19 08:03:14",3494,18.02,194,19.03591,19.74801,19.06396,0
"2025-03-19 08:03:15",3495,18.02,195,19.03591,19.7368,19.05835,0
"2025-03-19 08:03:16",3496,18.02,196,19.03591,19.71999,19.05274,0
"2025-03-19 08:03:17",3497,18.02,197,19.02469,19.70878,19.04713,0
"2025-03-19 08:03:18",3498,18.02,198,19.02469,19.70318,19.04713,0
"2025-03-19 08:03:19",3499,18.02,199,19.02469,19.68636,19.04152,0
"2025-03-19 08:03:20",3500,18.02,200,19.01347,19.67515,19.03591,0
"2025-03-19 08:03:21",3501,18.02,201,19.01347,19.66955,19.03591,0
"2025-03-19 08:03:22",3502,18.02,202,19.01347,19.65273,19.02469,0
"2025-03-19 08:03:23",3503,18.02,203,19.00225,19.64152,19.02469,0
"2025-03-19 08:03:24",3504,18.02,204,19.00225,19.63031,19.01908,0
"2025-03-19 08:03:25",3505,18.02,205,18.99664,19.62471,19.01908,0
"2025-03-19 08:03:26",3506,18.02,206,18.99103,19.6135,19.01347,0
"2025-03-19 08:03:27",3507,18.02,207,18.99103,19.60229,19.00786,0
"2025-03-19 08:03:28",3508,18.02,208,18.97981,19.59108,19.00225,0
"2025-03-19 08:03:29",3509,18.02,209,18.97981,19.57987,19.00225,0
"2025-03-19 08:03:30",3510,18.02,210,18.97981,19.56865,18.99664,0
"2025-03-19 08:03:31",3511,18.02,211,18.96859,19.55744,18.99103,0
"2025-03-19 08:03:32",3512,18.02,212,18.96859,19.55184,18.99103,0
"2025-03-19 08:03:33",3513,18.02,213,18.96298,19.54623,18.98542,0
"2025-03-19 08:03:34",3514,18.02,214,18.95737,19.53502,18.97981,0
"2025-03-19 08:03:35",3515,18.02,215,18.95737,19.52381,18.97981,0
"2025-03-19 08:03:36",3516,18.02,216,18.95737,19.5126,18.9742,0
"2025-03-19 08:03:37",3517,18.02,217,18.94614,19.50138,18.96859,0
"2025-03-19 08:03:38",3518,18.02,218,18.94614,19.50138,18.96859,0
"2025-03-19 08:03:39",3519,18.02,219,18.94614,19.48457,18.95737,0
"2025-03-19 08:03:40",3520,18.02,220,18.93492,19.47896,18.95737,0
"2025-03-19 08:03:41",3521,18.02,221,18.93492,19.46775,18.95175,0
"2025-03-19 08:03:42",3522,18.02,222,18.92931,19.45653,18.95175,0
"2025-03-19 08:03:43",3523,18.02,223,18.9237,19.45093,18.94614,0
"2025-03-19 08:03:44",3524,18.02,224,18.9237,19.44532,18.94614,0
"2025-03-19 08:03:45",3525,18.02,225,18.9237,19.43411,18.94053,0
"2025-03-19 08:03:46",3526,18.02,226,18.91809,19.4229,18.93492,0
"2025-03-19 08:03:47",3527,18.02,227,18.91248,19.4229,18.92931,0
"2025-03-19 08:03:48",3528,18.02,228,18.91248,19.41168,18.9237,0
"2025-03-19 08:03:49",3529,18.02,229,18.90687,19.40047,18.9237,0
"2025-03-19 08:03:50",3530,18.02,230,18.90125,19.38925,18.9237,0
"2025-03-19 08:03:51",3531,18.02,231,18.90125,19.38925,18.91809,0
"2025-03-19 08:03:52",3532,18.02,232,18.89565,19.37804,18.91248,0
"2025-03-19 08:03:53",3533,18.02,233,18.89003,19.36682,18.91248,0
"2025-03-19 08:03:54",3534,18.02,234,18.89003,19.36122,18.91248,0
"2025-03-19 08:03:55",3535,18.02,235,18.88442,19.35561,18.90687,0
"2025-03-19 08:03:56",3536,18.02,236,18.87881,19.34439,18.90125,0
"2025-03-19 08:03:57",3537,18.02,237,18.87881,19.34439,18.90125,0
"2025-03-19 08:03:58",3538,18.02,238,18.8732,19.33318,18.89565,0
"2025-03-19 08:03:59",3539,18.02,239,18.86759,19.32196,18.89003,0
"2025-03-19 08:04:00",3540,18.02,240,18.86759,19.31075,18.89003,0
"2025-03-19 08:04:01",3541,18.02,241,18.86759,19.31075,18.88442,0
"2025-03-19 08:04:02",3542,18.02,242,18.86759,19.29953,18.87881,0
"2025-03-19 08:04:03",3543,18.02,243,18.85637,19.29953,18.87881,0
"2025-03-19 08:04:04",3544,18.02,244,18.85637,19.28832,18.86759,0
"2025-03-19 08:04:05",3545,18.02,245,18.85637,19.28271,18.86759,0
"2025-03-19 08:04:06",3546,18.02,246,18.84514,19.2771,18.86759,0
"2025-03-19 08:04:07",3547,18.02,247,18.84514,19.26588,18.86759,0
"2025-03-19 08:04:08",3548,18.02,248,18.84514,19.26588,18.86198,0
"2025-03-19 08:04:09",3549,18.02,249,18.83392,19.25467,18.85637,0
"2025-03-19 08:04:10",3550,18.02,250,18.83392,19.24345,18.85637,0
"2025-03-19 08:04:11",3551,18.02,251,18.83392,19.24345,18.85075,0
"2025-03-19 08:04:12",3552,18.02,252,18.83392,19.23224,18.84514,0
"2025-03-19 08:04:13",3553,18.02,253,18.82831,19.23224,18.84514,0
"2025-03-19 08:04:14",3554,18.02,254,18.82269,19.22663,18.84514,0
"2025-03-19 08:04:15",3555,18.02,255,18.82269,19.2098,18.83953,0
"2025-03-19 08:04:16",3556,18.02,256,18.81708,19.2098,18.83392,0
"2025-03-19 08:04:17",3557,18.02,257,18.81147,19.19859,18.83392,0
"2025-03-19 08:04:18",3558,18.02,258,18.81147,19.19859,18.83392,0
"2025-03-19 08:04:19",3559,18.02,259,18.80025,19.18737,18.82269,0
"2025-03-19 08:04:20",3560,18.02,260,18.80586,19.18737,18.82269,0
"2025-03-19 08:04:21",3561,18.02,261,18.80025,19.17615,18.81708,0
"2025-03-19 08:04:22",3562,18.02,262,18.80025,19.17615,18.81708,0
"2025-03-19 08:04:23",3563,18.02,263,18.80025,19.16493,18.81147,0
"2025-03-19 08:04:24",3564,18.02,264,18.78902,19.16493,18.81147,0
"2025-03-19 08:04:25",3565,18.02,265,18.78902,19.15371,18.81147,0
"2025-03-19 08:04:26",3566,18.02,266,18.78902,19.1481,18.80586,0
"2025-03-19 08:04:27",3567,18.02,267,18.78341,19.14249,18.80025,0
"2025-03-19 08:04:28",3568,18.02,268,18.7778,19.14249,18.80025,0
"2025-03-19 08:04:29",3569,18.02,269,18.7778,19.13128,18.79464,0
"2025-03-19 08:04:30",3570,18.02,270,18.7778,19.12566,18.79464,0
"2025-03-19 08:04:31",3571,18.02,271,18.77219,19.12006,18.78902,0
"2025-03-19 08:04:32",3572,18.02,272,18.76657,19.11445,18.78902,0
"2025-03-19 08:04:33",3573,18.02,273,18.76657,19.10884,18.78341,0
"2025-03-19 08:04:34",3574,18.02,274,18.76657,19.10884,18.78341,0
"2025-03-19 08:04:35",3575,18.02,275,18.75535,19.09762,18.7778,0
"2025-03-19 08:04:36",3576,18.02,276,18.75535,19.09762,18.7778,0
"2025-03-19 08:04:37",3577,18.02,277,18.75535,19.0864,18.77219,0
"2025-03-19 08:04:38",3578,18.02,278,18.75535,19.0864,18.77219,0
"2025-03-19 08:04:39",3579,18.02,279,18.74973,19.07518,18.76657,0
"2025-03-19 08:04:40",3580,18.02,280,18.74412,19.06957,18.76657,0
"2025-03-19 08:04:41",3581,18.02,281,18.74412,19.06957,18.76096,0
"2025-03-19 08:04:42",3582,18.02,282,18.74412,19.05835,18.76096,0
"2025-03-19 08:04:43",3583,18.02,283,18.7329,19.05835,18.75535,0
"2025-03-19 08:04:44",3584,18.02,284,18.7329,19.05274,18.75535,0
"2025-03-19 08:04:45",3585,18.02,285,18.7329,19.04713,18.74973,0
"2025-03-19 08:04:46",3586,18.02,286,18.7329,19.04152,18.74973,0
"2025-03-19 08:04:47",3587,18.02,287,18.72729,19.04152,18.74412,0
"2025-03-19 08:04:48",3588,18.02,288,18.72167,19.0303,18.74412,0
"2025-03-19 08:04:49",3589,18.02,289,18.72167,19.0303,18.73851,0
"2025-03-19 08:04:50",3590,18.02,290,18.72167,19.02469,18.73851,0
"2025-03-19 08:04:51",3591,18.02,291,18.71606,19.01908,18.7329,0
"2025-03-19 08:04:52",3592,18.02,292,18.71606,19.01908,18.7329,0
"2025-03-19 08:04:53",3593,18.02,293,18.71045,19.00786,18.7329,0
"2025-03-19 08:04:54",3594,18.05,294,18.73753,19.03493,18.75437,0
"2025-03-19 08:04:55",3595,18.02,295,18.71045,18.99664,18.72729,0
"2025-03-19 08:04:56",3596,18.02,296,18.69922,18.99664,18.72167,0
"2025-03-19 08:04:57",3597,18.02,297,18.69922,18.99664,18.72167,0
"2025-03-19 08:04:58",3598,18.02,298,18.69922,18.98542,18.71606,0
"2025-03-19 08:04:59",3599,18.02,299,18.69922,18.98542,18.71606,0
"2025-03-19 10:00:00",3600,17.97,0,17.9082,17.91944,17.91944,0
"2025-03-19 10:00:01",3601,17.97,1,17.9082,17.91382,17.91944,0
"2025-03-19 10:00:02",3602,17.99,2,17.92744,17.94429,17.94429,0
"2025-03-19 10:00:03",3603,17.99,3,17.92744,17.94429,17.94429,0
"2025-03-19 10:00:04",3604,17.97,4,17.9082,17.91944,17.91944,0
"2025-03-19 10:00:05",3605,17.99,5,17.92744,17.93306,17.94429,0
"2025-03-19 10:00:06",3606,17.97,6,17.90258,17.91382,17.91382,0
"2025-03-19 10:00:07",3607,17.97,7,17.90258,17.91382,17.91382,0
"2025-03-19 10:00:08",3608,17.97,8,17.90258,22.55061,17.91944,303.1
"2025-03-19 10:00:09",3609,17.99,9,17.93306,28.06606,17.93867,303.1
"2025-03-19 10:00:10",3610,17.97,10,17.9082,32.54297,17.91944,301.8
"2025-03-19 10:00:11",3611,17.99,11,17.92744,36.38297,17.94429,301.8
"2025-03-19 10:00:12",3612,17.97,12,17.90258,39.68553,17.91944,301.8
"2025-03-19 10:00:13",3613,17.99,13,17.92744,42.65184,17.94429,301.8
"2025-03-19 10:00:14",3614,17.97,14,17.9082,45.26821,17.91944,301.1
"2025-03-19 10:00:15",3615,17.97,15,17.9082,47.69344,17.91382,300.4
"2025-03-19 10:00:16",3616,17.99,16,17.93306,49.90872,17.94429,300.4
"2025-03-19 10:00:17",3617,17.97,17,17.90258,51.90931,17.91944,300.4
"2025-03-19 10:00:18",3618,17.97,18,17.9082,53.7998,17.92506,300.4
"2025-03-19 10:00:19",3619,17.99,19,17.93867,55.54917,17.95553,300.4
"2025-03-19 10:00:20",3620,17.99,20,17.93867,57.19115,17.94991,300.4
"2025-03-19 10:00:21",3621,17.97,21,17.91944,58.69473,17.9363,299
"2025-03-19 10:00:22",3622,17.99,22,17.94991,60.1626,17.96677,299
"2025-03-19 10:00:23",3623,17.99,23,17.95553,57.57321,17.97239,0
"2025-03-19 10:00:24",3624,17.97,24,17.94192,53.89579,17.97001,0
"2025-03-19 10:00:25",3625,17.97,25,17.95315,50.99428,17.98125,0
"2025-03-19 10:00:26",3626,17.99,26,17.98925,48.5882,18.01734,0
"2025-03-19 10:00:27",3627,17.97,27,17.98125,46.51421,18.02058,0
"2025-03-19 10:00:28",3628,17.99,28,18.02296,44.7574,18.06229,0
"2025-03-19 10:00:29",3629,17.97,29,18.0262,43.15313,18.06553,0
"2025-03-19 10:00:30",3630,17.99,30,18.07353,41.77917,18.11847,0
"2025-03-19 10:00:31",3631,17.97,31,18.07115,40.50654,18.12733,0
"2025-03-19 10:00:32",3632,17.97,32,18.10485,39.37536,18.16103,0
"2025-03-19 10:00:33",3633,17.99,33,18.16341,38.37544,18.21958,0
"2025-03-19 10:00:34",3634,17.97,34,18.17227,37.41856,18.23405,0
"2025-03-19 10:00:35",3635,17.97,35,18.20597,36.56103,18.27337,0
"2025-03-19 10:00:36",3636,17.97,36,18.23967,35.76808,18.31269,0
"2025-03-19 10:00:37",3637,17.97,37,18.27899,35.03446,18.34638,0
"2025-03-19 10:00:38",3638,17.97,38,18.3183,34.36584,18.39131,0
"2025-03-19 10:00:39",3639,17.97,39,18.34638,33.73498,18.43623,0
"2025-03-19 10:00:40",3640,17.97,40,18.39131,33.15297,18.47553,0
"2025-03-19 10:00:41",3641,17.97,41,18.43623,32.60345,18.51484,0
"2025-03-19 10:00:42",3642,17.97,42,18.46992,32.09748,18.55975,0
"2025-03-19 10:00:43",3643,17.99,43,18.53967,31.63752,18.62949,0
"2025-03-19 10:00:44",3644,17.97,44,18.54852,31.16156,18.64396,0
"2025-03-19 10:00:45",3645,17.97,45,18.59344,30.73721,18.68325,0
"2025-03-19 10:00:46",3646,17.99,46,18.65195,30.35906,18.74175,0
"2025-03-19 10:00:47",3647,17.97,47,18.66641,29.95946,18.76183,0
"2025-03-19 10:00:48",3648,17.97,48,18.70009,29.60614,18.7955,0
"2025-03-19 10:00:49",3649,17.97,49,18.73938,29.26369,18.82917,0
"2025-03-19 10:00:50",3650,17.99,50,18.79788,28.96762,18.88766,0
"2025-03-19 10:00:51",3651,17.97,51,18.80672,28.63356,18.89651,0
"2025-03-19 10:00:52",3652,17.99,52,18.86522,28.37041,18.955,0
"2025-03-19 10:00:53",3653,17.97,53,18.86845,28.06926,18.96384,0
"2025-03-19 10:00:54",3654,17.97,54,18.89651,27.80354,18.99751,0
"2025-03-19 10:00:55",3655,17.97,55,18.93018,27.55987,19.01995,0
"2025-03-19 10:00:56",3656,17.97,56,18.95823,27.31611,19.048,0
"2025-03-19 10:00:57",3657,17.99,57,19.00549,27.10787,19.10086,0
"2025-03-19 10:00:58",3658,17.99,58,19.03354,26.88613,19.1233,0
"2025-03-19 10:00:59",3659,17.97,59,19.03117,26.65088,19.12092,0
"2025-03-19 10:01:00",3660,17.99,60,19.07842,26.47572,19.16817,0
"2025-03-19 10:01:01",3661,17.97,61,19.07605,26.26251,19.1658,0
"2025-03-19 10:01:02",3662,17.99,62,19.1233,26.0928,19.21304,0
"2025-03-19 10:01:03",3663,17.97,63,19.11531,25.89614,19.20506,0
"2025-03-19 10:01:04",3664,17.99,64,19.16256,25.74855,19.24669,0
"2025-03-19 10:01:05",3665,17.97,65,19.15458,25.55734,19.23871,0
"2025-03-19 10:01:06",3666,17.97,66,19.1714,25.40176,19.25554,0
"2025-03-19 10:01:07",3667,17.99,67,19.21304,25.27074,19.29156,0
"2025-03-19 10:01:08",3668,17.99,68,19.22987,25.12066,19.31399,0
"2025-03-19 10:01:09",3669,17.97,69,19.21628,24.95151,19.29479,0
"2025-03-19 10:01:10",3670,17.97,70,19.2331,24.81805,19.31161,0
"2025-03-19 10:01:11",3671,17.99,71,19.26912,24.70916,19.34763,0
"2025-03-19 10:01:12",3672,17.99,72,19.28034,24.58121,19.35885,0
"2025-03-19 10:01:13",3673,17.99,73,19.29156,24.45323,19.36446,0
"2025-03-19 10:01:14",3674,17.99,74,19.30277,24.33636,19.38128,0
"2025-03-19 10:01:15",3675,17.99,75,19.30838,24.21947,19.38688,0
"2025-03-19 10:01:16",3676,17.99,76,19.3196,24.10814,19.39249,0
"2025-03-19 10:01:17",3677,17.97,77,19.3004,23.97214,19.3733,0
"2025-03-19 10:01:18",3678,17.99,78,19.33642,23.89653,19.40931,0
"2025-03-19 10:01:19",3679,17.97,79,19.31722,23.76607,19.39012,0
"2025-03-19 10:01:20",3680,17.99,80,19.35324,23.69044,19.42052,0
"2025-03-19 10:01:21",3681,17.99,81,19.35885,23.59572,19.42613,0
"2025-03-19 10:01:22",3682,17.99,82,19.35885,23.50657,19.43174,0
"2025-03-19 10:01:23",3683,17.99,83,19.37006,23.41183,19.43735,0
"2025-03-19 10:01:24",3684,17.97,84,19.34526,23.29799,19.41255,0
"2025-03-19 10:01:25",3685,17.97,85,19.35087,23.21437,19.41255,0
"2025-03-19 10:01:26",3686,17.99,86,19.38128,23.15541,19.44856,0
"2025-03-19 10:01:27",3687,17.97,87,19.36208,23.0471,19.42376,0
"2025-03-19 10:01:28",3688,17.99,88,19.38688,22.99927,19.44856,0
"2025-03-19 10:01:29",3689,17.97,89,19.36769,22.89652,19.42376,0
"2025-03-19 10:01:30",3690,17.99,90,19.39249,22.8431,19.44856,0
"2025-03-19 10:01:31",3691,17.99,91,19.3981,22.77058,19.45417,0
"2025-03-19 10:01:32",3692,17.99,92,19.3981,22.70364,19.45417,0
"2025-03-19 10:01:33",3693,17.99,93,19.39249,22.63668,19.44856,0
"2025-03-19 10:01:34",3694,17.97,94,19.3733,22.54503,19.42376,0
"2025-03-19 10:01:35",3695,17.97,95,19.3733,22.47248,19.43497,0
"2025-03-19 10:01:36",3696,17.97,96,19.3733,22.41667,19.42376,0
"2025-03-19 10:01:37",3697,17.97,97,19.3789,22.34969,19.42376,0
"2025-03-19 10:01:38",3698,17.99,98,19.3981,22.31297,19.44856,0
"2025-03-19 10:01:39",3699,17.97,99,19.3789,22.22686,19.42376,0
"2025-03-19 10:01:40",3700,17.97,100,19.3789,22.17103,19.42376,0
"2025-03-19 10:01:41",3701,17.99,101,19.3981,22.13989,19.44856,0
"2025-03-19 10:01:42",3702,17.99,102,19.39249,22.08405,19.44856,0
"2025-03-19 10:01:43",3703,17.99,103,19.39249,22.0282,19.44856,0
"2025-03-19 10:01:44",3704,17.99,104,19.39249,21.98352,19.43735,0
"2025-03-19 10:01:45",3705,17.99,105,19.39249,21.92766,19.43735,0
"2025-03-19 10:01:46",3706,17.99,106,19.39249,21.87739,19.43735,0
"2025-03-19 10:01:47",3707,17.97,107,19.36208,21.8024,19.41255,0
"2025-03-19 10:01:48",3708,17.99,108,19.38128,21.78242,19.43174,0
"2025-03-19 10:01:49",3709,17.97,109,19.35647,21.713,19.40133,0
"2025-03-19 10:01:50",3710,17.99,110,19.38128,21.69302,19.42613,0
"2025-03-19 10:01:51",3711,17.99,111,19.38128,21.64832,19.42613,0
"2025-03-19 10:01:52",3712,17.99,112,19.37567,21.59802,19.41492,0
"2025-03-19 10:01:53",3713,17.99,113,19.37567,21.5589,19.41492,0
"2025-03-19 10:01:54",3714,17.99,114,19.37006,21.51419,19.41492,0
"2025-03-19 10:01:55",3715,17.99,115,19.37006,21.46947,19.40931,0
"2025-03-19 10:01:56",3716,17.97,116,19.33965,21.40562,19.3789,0
"2025-03-19 10:01:57",3717,17.99,117,19.35885,21.39121,19.40371,0
"2025-03-19 10:01:58",3718,17.99,118,19.35885,21.35767,19.40371,0
"2025-03-19 10:01:59",3719,17.99,119,19.35885,21.31294,19.39249,0
"2025-03-19 10:02:00",3720,17.99,120,19.34763,21.2794,19.38688,0
"2025-03-19 10:02:01",3721,17.99,121,19.34763,21.24585,19.38688,0
"2025-03-19 10:02:02",3722,17.97,122,19.32283,21.18197,19.35647,0
"2025-03-19 10:02:03",3723,17.99,123,19.33642,21.17316,19.37567,0
"2025-03-19 10:02:04",3724,17.99,124,19.33642,21.13401,19.37006,0
"2025-03-19 10:02:05",3725,17.99,125,19.33642,21.10046,19.37006,0
"2025-03-19 10:02:06",3726,17.99,126,19.33081,21.07249,19.36446,0
"2025-03-19 10:02:07",3727,17.99,127,19.3252,21.03893,19.35885,0
"2025-03-19 10:02:08",3728,17.99,128,19.3252,21.00537,19.35885,0
"2025-03-19 10:02:09",3729,17.99,129,19.31399,20.97741,19.34763,0
"2025-03-19 10:02:10",3730,17.99,130,19.31399,20.94384,19.34763,0
"2025-03-19 10:02:11",3731,17.99,131,19.30838,20.91587,19.34763,0
"2025-03-19 10:02:12",3732,17.99,132,19.30277,20.8879,19.33642,0
"2025-03-19 10:02:13",3733,17.99,133,19.29716,20.85433,19.33081,0
"2025-03-19 10:02:14",3734,17.99,134,19.29156,20.82636,19.3252,0
"2025-03-19 10:02:15",3735,17.99,135,19.29156,20.79838,19.3252,0
"2025-03-19 10:02:16",3736,17.99,136,19.28034,20.776,19.31399,0
"2025-03-19 10:02:17",3737,17.99,137,19.28034,20.74243,19.30838,0
"2025-03-19 10:02:18",3738,17.99,138,19.28034,20.72004,19.30838,0
"2025-03-19 10:02:19",3739,17.99,139,19.26912,20.68647,19.30277,0
"2025-03-19 10:02:20",3740,17.99,140,19.26912,20.66408,19.30277,0
"2025-03-19 10:02:21",3741,17.99,141,19.25791,20.6417,19.29156,0
"2025-03-19 10:02:22",3742,17.99,142,19.25791,20.61371,19.29156,0
"2025-03-19 10:02:23",3743,17.99,143,19.25791,20.59132,19.28034,0
"2025-03-19 10:02:24",3744,17.99,144,19.24669,20.56894,19.28034,0
"2025-03-19 10:02:25",3745,17.99,145,19.24669,20.54095,19.26912,0
"2025-03-19 10:02:26",3746,17.99,146,19.24109,20.51856,19.26912,0
"2025-03-19 10:02:27",3747,17.99,147,19.23548,20.49617,19.26912,0
"2025-03-19 10:02:28",3748,17.99,148,19.23548,20.47378,19.25791,0
"2025-03-19 10:02:29",3749,17.99,149,19.22987,20.45138,19.25791,0
"2025-03-19 10:02:30",3750,17.99,150,19.22426,20.43459,19.24669,0
"2025-03-19 10:02:31",3751,17.99,151,19.21865,20.4122,19.24669,0
"2025-03-19 10:02:32",3752,17.99,152,19.21304,20.3898,19.24109,0
"2025-03-19 10:02:33",3753,17.99,153,19.20743,20.36741,19.23548,0
"2025-03-19 10:02:34",3754,17.99,154,19.20182,20.34501,19.23548,0
"2025-03-19 10:02:35",3755,17.99,155,19.20182,20.32821,19.22987,0
"2025-03-19 10:02:36",3756,17.99,156,19.19621,20.30582,19.22426,0
"2025-03-19 10:02:37",3757,17.99,157,19.19061,20.28902,19.21304,0
"2025-03-19 10:02:38",3758,17.99,158,19.19061,20.27222,19.21304,0
"2025-03-19 10:02:39",3759,17.99,159,19.17939,20.24982,19.20743,0
"2025-03-19 10:02:40",3760,17.99,160,19.17939,20.22742,19.20182,0
"2025-03-19 10:02:41",3761,17.99,161,19.16817,20.21622,19.19621,0
"2025-03-19 10:02:42",3762,17.99,162,19.16817,20.19382,19.19061,0
"2025-03-19 10:02:43",3763,17.99,163,19.16817,20.17702,19.19061,0
"2025-03-19 10:02:44",3764,17.99,164,19.15695,20.16022,19.185,0
"2025-03-19 10:02:45",3765,17.99,165,19.15134,20.13782,19.17939,0
"2025-03-19 10:02:46",3766,17.99,166,19.14573,20.12101,19.17378,0
"2025-03-19 10:02:47",3767,17.99,167,19.14573,20.10421,19.16817,0
"2025-03-19 10:02:48",3768,17.99,168,19.14013,20.09301,19.16256,0
"2025-03-19 10:02:49",3769,17.99,169,19.13452,20.0762,19.15695,0
"2025-03-19 10:02:50",3770,17.99,170,19.13452,20.0594,19.15695,0
"2025-03-19 10:02:51",3771,17.99,171,19.1233,20.04259,19.14573,0
"2025-03-19 10:02:52",3772,17.99,172,19.1233,20.02579,19.14573,0
"2025-03-19 10:02:53",3773,17.99,173,19.11769,20.00898,19.14013,0
"2025-03-19 10:02:54",3774,17.99,174,19.11769,19.99218,19.13452,0
"2025-03-19 10:02:55",3775,17.99,175,19.11208,19.98097,19.13452,0
"2025-03-19 10:02:56",3776,17.99,176,19.10647,19.96417,19.1233,0
"2025-03-19 10:02:57",3777,17.99,177,19.10086,19.94736,19.1233,0
"2025-03-19 10:02:58",3778,17.99,178,19.10086,19.93616,19.11769,0
"2025-03-19 10:02:59",3779,17.99,179,19.08964,19.92495,19.11208,0
"2025-03-19 10:03:00",3780,17.99,180,19.08964,19.90814,19.11208,0
"2025-03-19 10:03:01",3781,17.99,181,19.07842,19.89133,19.10086,0
"2025-03-19 10:03:02",3782,17.99,182,19.07842,19.88013,19.10086,0
"2025-03-19 10:03:03",3783,17.99,183,19.07842,19.86892,19.08964,0
"2025-03-19 10:03:04",3784,17.99,184,19.0672,19.85772,19.08964,0
"2025-03-19 10:03:05",3785,17.99,185,19.0672,19.8353,19.08964,0
"2025-03-19 10:03:06",3786,17.99,186,19.06159,19.8241,19.07842,0
"2025-03-19 10:03:07",3787,17.99,187,19.06159,19.81289,19.07842,0
"2025-03-19 10:03:08",3788,17.99,188,19.05598,19.80168,19.0672,0
"2025-03-19 10:03:09",3789,17.99,189,19.04476,19.79048,19.0672,0
"2025-03-19 10:03:10",3790,17.99,190,19.04476,19.77366,19.0672,0
"2025-03-19 10:03:11",3791,17.99,191,19.03915,19.75685,19.06159,0
"2025-03-19 10:03:12",3792,17.99,192,19.03354,19.74565,19.05598,0
"2025-03-19 10:03:13",3793,17.99,193,19.03354,19.73443,19.05037,0
"2025-03-19 10:03:14",3794,17.99,194,19.02793,19.72323,19.04476,0
"2025-03-19 10:03:15",3795,17.99,195,19.02232,19.71202,19.04476,0
"2025-03-19 10:03:16",3796,17.99,196,19.01671,19.70641,19.03915,0
"2025-03-19 10:03:17",3797,17.99,197,19.01671,19.6896,19.03354,0
"2025-03-19 10:03:18",3798,17.99,198,19.0111,19.67839,19.03354,0
"2025-03-19 10:03:19",3799,17.99,199,19.0111,19.66718,19.02232,0
"2025-03-19 10:03:20",3800,17.99,200,18.99988,19.65597,19.02232,0
"2025-03-19 10:03:21",3801,17.99,201,18.99988,19.65037,19.0111,0
"2025-03-19 10:03:22",3802,17.99,202,18.99427,19.63916,19.0111,0
"2025-03-19 10:03:23",3803,17.99,203,18.98866,19.62234,19.0111,0
"2025-03-19 10:03:24",3804,17.99,204,18.98866,19.61113,19.00549,0
"2025-03-19 10:03:25",3805,17.99,205,18.97744,19.59992,18.99988,0
"2025-03-19 10:03:26",3806,17.99,206,18.97744,19.59432,18.99988,0
"2025-03-19 10:03:27",3807,17.99,207,18.97744,19.58311,18.99427,0
"2025-03-19 10:03:28",3808,17.99,208,18.97183,19.5775,18.98866,0
"2025-03-19 10:03:29",3809,17.99,209,18.96622,19.56629,18.98866,0
"2025-03-19 10:03:30",3810,17.99,210,18.96622,19.55508,18.98305,0
"2025-03-19 10:03:31",3811,17.99,211,18.96061,19.54387,18.97744,0
"2025-03-19 10:03:32",3812,17.99,212,18.955,19.53265,18.97744,0
"2025-03-19 10:03:33",3813,17.99,213,18.955,19.52144,18.96622,0
"2025-03-19 10:03:34",3814,17.99,214,18.94378,19.51584,18.96622,0
"2025-03-19 10:03:35",3815,17.99,215,18.94378,19.51023,18.96622,0
"2025-03-19 10:03:36",3816,17.99,216,18.93817,19.49902,18.955,0
"2025-03-19 10:03:37",3817,17.99,217,18.93255,19.4878,18.955,0
"2025-03-19 10:03:38",3818,17.99,218,18.93255,19.47659,18.94938,0
"2025-03-19 10:03:39",3819,17.99,219,18.92694,19.46538,18.94378,0
"2025-03-19 10:03:40",3820,17.99,220,18.92694,19.45977,18.94378,0
"2025-03-19 10:03:41",3821,17.99,221,18.92133,19.45417,18.94378,0
"2025-03-19 10:03:42",3822,17.99,222,18.92133,19.44295,18.93255,0
"2025-03-19 10:03:43",3823,17.99,223,18.91011,19.43174,18.93255,0
"2025-03-19 10:03:44",3824,17.99,224,18.91572,19.42613,18.92694,0
"2025-03-19 10:03:45",3825,17.99,225,18.9045,19.41492,18.92694,0
"2025-03-19 10:03:46",3826,17.99,226,18.9045,19.40931,18.92133,0
"2025-03-19 10:03:47",3827,17.99,227,18.9045,19.40371,18.92133,0
"2025-03-19 10:03:48",3828,17.99,228,18.89889,19.39249,18.91011,0
"2025-03-19 10:03:49",3829,17.99,229,18.89328,19.38688,18.91011,0
"2025-03-19 10:03:50",3830,17.99,230,18.88766,19.37567,18.91011,0
"2025-03-19 10:03:51",3831,17.99,231,18.88766,19.37006,18.9045,0
"2025-03-19 10:03:52",3832,17.99,232,18.88205,19.35885,18.89889,0
"2025-03-19 10:03:53",3833,17.99,233,18.88205,19.35324,18.89889,0
"2025-03-19 10:03:54",3834,17.99,234,18.87644,19.34203,18.89889,0
"2025-03-19 10:03:55",3835,17.99,235,18.87083,19.34203,18.88766,0
"2025-03-19 10:03:56",3836,17.99,236,18.87083,19.33081,18.88766,0
"2025-03-19 10:03:57",3837,17.99,237,18.86522,19.3252,18.88205,0
"2025-03-19 10:03:58",3838,17.99,238,18.85961,19.31399,18.88205,0
"2025-03-19 10:03:59",3839,17.99,239,18.85961,19.30838,18.87644,0
"2025-03-19 10:04:00",3840,17.99,240,18.854,19.30277,18.87644,0
"2025-03-19 10:04:01",3841,17.99,241,18.854,19.29716,18.87644,0
"2025-03-19 10:04:02",3842,17.99,242,18.854,19.28595,18.86522,0
"2025-03-19 10:04:03",3843,17.99,243,18.84277,19.28034,18.86522,0
"2025-03-19 10:04:04",3844,17.99,244,18.84277,19.27473,18.86522,0
"2025-03-19 10:04:05",3845,17.99,245,18.84277,19.26352,18.85961,0
"2025-03-19 10:04:06",3846,17.99,246,18.83716,19.25791,18.854,0
"2025-03-19 10:04:07",3847,17.99,247,18.83155,19.2523,18.854,0
"2025-03-19 10:04:08",3848,17.99,248,18.83155,19.24109,18.84838,0
"2025-03-19 10:04:09",3849,17.99,249,18.82033,19.24109,18.84277,0
"2025-03-19 10:04:10",3850,17.99,250,18.82033,19.22987,18.84277,0
"2025-03-19 10:04:11",3851,17.99,251,18.82033,19.22987,18.84277,0
"2025-03-19 10:04:12",3852,17.99,252,18.81471,19.21865,18.83155,0
"2025-03-19 10:04:13",3853,17.99,253,18.81471,19.21865,18.83155,0
"2025-03-19 10:04:14",3854,17.99,254,18.8091,19.20743,18.83155,0
"2025-03-19 10:04:15",3855,17.99,255,18.8091,19.20182,18.82594,0
"2025-03-19 10:04:16",3856,17.99,256,18.80349,19.19621,18.82033,0
"2025-03-19 10:04:17",3857,17.99,257,18.79788,19.185,18.82033,0
"2025-03-19 10:04:18",3858,17.99,258,18.79788,19.185,18.81471,0
"2025-03-19 10:04:19",3859,17.99,259,18.79788,19.17378,18.8091,0
"2025-03-19 10:04:20",3860,17.99,260,18.79226,19.17378,18.8091,0
"2025-03-19 10:04:21",3861,17.99,261,18.79226,19.16256,18.8091,0
"2025-03-19 10:04:22",3862,17.99,262,18.78666,19.15695,18.8091,0
"2025-03-19 10:04:23",3863,17.99,263,18.78666,19.15134,18.79788,0
"2025-03-19 10:04:24",3864,17.99,264,18.78104,19.15134,18.79788,0
"2025-03-19 10:04:25",3865,17.99,265,18.77543,19.14013,18.79788,0
"2025-03-19 10:04:26",3866,17.99,266,18.77543,19.13452,18.79226,0
"2025-03-19 10:04:27",3867,17.99,267,18.76982,19.12891,18.78666,0
"2025-03-19 10:04:28",3868,17.99,268,18.76982,19.11769,18.78666,0
"2025-03-19 10:04:29",3869,17.99,269,18.7642,19.11769,18.78666,0
"2025-03-19 10:04:30",3870,17.99,270,18.7642,19.11208,18.78104,0
"2025-03-19 10:04:31",3871,17.99,271,18.7642,19.10647,18.78104,0
"2025-03-19 10:04:32",3872,17.99,272,18.75859,19.10647,18.77543,0
"2025-03-19 10:04:33",3873,17.99,273,18.75298,19.09525,18.76982,0
"2025-03-19 10:04:34",3874,17.99,274,18.75298,19.08964,18.76982,0
"2025-03-19 10:04:35",3875,17.99,275,18.75298,19.08403,18.7642,0
"2025-03-19 10:04:36",3876,17.99,276,18.74175,19.08403,18.7642,0
"2025-03-19 10:04:37",3877,17.99,277,18.74175,19.07281,18.7642,0
"2025-03-19 10:04:38",3878,17.99,278,18.74175,19.07281,18.75859,0
"2025-03-19 10:04:39",3879,17.99,279,18.74175,19.06159,18.75298,0
"2025-03-19 10:04:40",3880,17.99,280,18.73614,19.06159,18.75298,0
"2025-03-19 10:04:41",3881,17.99,281,18.73053,19.05598,18.75298,0
"2025-03-19 10:04:42",3882,17.99,282,18.73053,19.05037,18.75298,0
"2025-03-19 10:04:43",3883,17.99,283,18.73053,19.05037,18.74175,0
"2025-03-19 10:04:44",3884,17.99,284,18.7193,19.03915,18.74175,0
"2025-03-19 10:04:45",3885,17.99,285,18.7193,19.03915,18.74175,0
"2025-03-19 10:04:46",3886,17.99,286,18.7193,19.02793,18.74175,0
"2025-03-19 10:04:47",3887,17.99,287,18.7193,19.02793,18.73053,0
"2025-03-19 10:04:48",3888,17.99,288,18.71369,19.01671,18.73053,0
"2025-03-19 10:04:49",3889,17.99,289,18.70808,19.01671,18.73053,0
"2025-03-19 10:04:50",3890,17.99,290,18.70808,19.0111,18.73053,0
"2025-03-19 10:04:51",3891,17.99,291,18.70808,19.00549,18.72492,0
"2025-03-19 10:04:52",3892,17.99,292,18.70247,18.99988,18.72492,0
"2025-03-19 10:04:53",3893,17.99,293,18.70247,18.99427,18.7193,0
"2025-03-19 10:04:54",3894,17.99,294,18.69685,18.99427,18.7193,0
"2025-03-19 10:04:55",3895,17.99,295,18.69685,18.98866,18.7193,0
"2025-03-19 10:04:56",3896,17.99,296,18.69685,18.98305,18.71369,0
"2025-03-19 10:04:57",3897,17.99,297,18.69124,18.97744,18.70808,0
"2025-03-19 10:04:58",3898,17.99,298,18.68563,18.97183,18.70808,0
"2025-03-19 10:04:59",3899,17.99,299,18.68563,18.96622,18.70808,0
"2025-03-19 12:00:00",3900,18.58,0,18.44414,18.47222,18.38799,0
"2025-03-19 12:00:01",3901,18.58,1,18.44414,18.47222,18.38799,0
"2025-03-19 12:00:02",3902,18.58,2,18.44976,18.47222,18.38799,0
"2025-03-19 12:00:03",3903,18.56,3,18.41929,18.44175,18.36313,0
"2025-03-19 12:00:04",3904,18.58,4,18.43853,18.4666,18.38799,0
"2025-03-19 12:00:05",3905,18.58,5,18.44976,18.47222,18.38799,0
"2025-03-19 12:00:06",3906,18.58,6,18.44414,18.47222,18.38799,0
"2025-03-19 12:00:07",3907,18.56,7,18.41929,18.44737,18.36313,0
"2025-03-19 12:00:08",3908,18.56,8,18.41929,24.42895,18.36313,297.7
"2025-03-19 12:00:09",3909,18.56,9,18.41929,30.34092,18.36313,297.7
"2025-03-19 12:00:10",3910,18.56,10,18.42491,35.10674,18.36313,297.7
"2025-03-19 12:00:11",3911,18.56,11,18.41929,39.15896,18.36313,296.7
"2025-03-19 12:00:12",3912,18.56,12,18.42491,42.6999,18.36313,296.3
"2025-03-19 12:00:13",3913,18.56,13,18.42491,45.81758,18.36313,296.3
"2025-03-19 12:00:14",3914,18.56,14,18.42491,48.64387,18.36313,296.3
"2025-03-19 12:00:15",3915,18.56,15,18.42491,51.12154,18.36313,296.3
"2025-03-19 12:00:16",3916,18.56,16,18.42491,53.38239,18.36313,296.3
"2025-03-19 12:00:17",3917,18.56,17,18.42491,55.36468,18.36313,296.3
"2025-03-19 12:00:18",3918,18.56,18,18.42491,57.11853,18.36875,295.7
"2025-03-19 12:00:19",3919,18.56,19,18.42491,58.77275,18.37436,295
"2025-03-19 12:00:20",3920,18.56,20,18.43052,60.34388,18.37436,295
"2025-03-19 12:00:21",3921,18.56,21,18.43614,61.80086,18.38559,295
"2025-03-19 12:00:22",3922,18.56,22,18.44175,63.20752,18.38559,295
"2025-03-19 12:00:23",3923,18.56,23,18.45298,59.69362,18.39683,0
"2025-03-19 12:00:24",3924,18.56,24,18.46421,55.7158,18.40806,0
"2025-03-19 12:00:25",3925,18.56,25,18.47544,52.62959,18.42491,0
"2025-03-19 12:00:26",3926,18.56,26,18.49229,50.02859,18.44175,0
"2025-03-19 12:00:27",3927,18.56,27,18.51475,47.82139,18.4586,0
"2025-03-19 12:00:28",3928,18.56,28,18.5316,45.8823,18.48106,0
"2025-03-19 12:00:29",3929,18.56,29,18.55967,44.19873,18.4979,0
"2025-03-19 12:00:30",3930,18.56,30,18.58212,42.68364,18.52598,0
"2025-03-19 12:00:31",3931,18.56,31,18.6102,41.32806,18.55967,0
"2025-03-19 12:00:32",3932,18.56,32,18.63827,40.11117,18.59335,0
"2025-03-19 12:00:33",3933,18.56,33,18.67756,39.00104,18.62704,0
"2025-03-19 12:00:34",3934,18.56,34,18.71124,37.99274,18.66072,0
"2025-03-19 12:00:35",3935,18.56,35,18.75053,37.06487,18.70001,0
"2025-03-19 12:00:36",3936,18.56,36,18.78421,36.22324,18.73931,0
"2025-03-19 12:00:37",3937,18.56,37,18.82911,35.44626,18.77298,0
"2025-03-19 12:00:38",3938,18.56,38,18.86839,34.7232,18.81788,0
"2025-03-19 12:00:39",3939,18.56,39,18.90767,34.05423,18.85717,0
"2025-03-19 12:00:40",3940,18.56,40,18.94695,33.43951,18.89645,0
"2025-03-19 12:00:41",3941,18.56,41,18.99184,32.8627,18.93573,0
"2025-03-19 12:00:42",3942,18.56,42,19.02551,32.32389,18.97501,0
"2025-03-19 12:00:43",3943,18.56,43,19.07039,31.8287,19.01428,0
"2025-03-19 12:00:44",3944,18.56,44,19.10966,31.35517,19.05356,0
"2025-03-19 12:00:45",3945,18.56,45,19.15454,30.91438,19.09283,0
"2025-03-19 12:00:46",3946,18.56,46,19.18819,30.49536,19.1321,0
"2025-03-19 12:00:47",3947,18.56,47,19.22746,30.10919,19.17136,0
"2025-03-19 12:00:48",3948,18.56,48,19.26671,29.74488,19.20502,0
"2025-03-19 12:00:49",3949,18.56,49,19.30037,29.39143,19.23867,0
"2025-03-19 12:00:50",3950,18.56,50,19.33962,29.07095,19.27232,0
"2025-03-19 12:00:51",3951,18.56,51,19.37327,28.75031,19.30597,0
"2025-03-19 12:00:52",3952,18.56,52,19.40691,28.46272,19.33962,0
"2025-03-19 12:00:53",3953,18.56,53,19.42934,28.18053,19.37327,0
"2025-03-19 12:00:54",3954,18.56,54,19.46298,27.91484,19.3957,0
"2025-03-19 12:00:55",3955,18.56,55,19.49102,27.66566,19.42934,0
"2025-03-19 12:00:56",3956,18.56,56,19.51905,27.42192,19.45177,0
"2025-03-19 12:00:57",3957,18.56,57,19.54708,27.18918,19.4798,0
"2025-03-19 12:00:58",3958,18.56,58,19.56951,26.973,19.50784,0
"2025-03-19 12:00:59",3959,18.56,59,19.59753,26.76229,19.53027,0
"2025-03-19 12:01:00",3960,18.56,60,19.61996,26.56261,19.55269,0
"2025-03-19 12:01:01",3961,18.56,61,19.64238,26.36842,19.57511,0
"2025-03-19 12:01:02",3962,18.56,62,19.6648,26.18527,19.58632,0
"2025-03-19 12:01:03",3963,18.56,63,19.68162,26.00762,19.60875,0
"2025-03-19 12:01:04",3964,18.56,64,19.70403,25.84104,19.61996,0
"2025-03-19 12:01:05",3965,18.56,65,19.72085,25.67996,19.64238,0
"2025-03-19 12:01:06",3966,18.56,66,19.73767,25.52441,19.65359,0
"2025-03-19 12:01:07",3967,18.56,67,19.75448,25.37438,19.67601,0
"2025-03-19 12:01:08",3968,18.56,68,19.76569,25.22987,19.68722,0
"2025-03-19 12:01:09",3969,18.56,69,19.7769,25.09089,19.69843,0
"2025-03-19 12:01:10",3970,18.56,70,19.79371,24.95744,19.70964,0
"2025-03-19 12:01:11",3971,18.56,71,19.80492,24.82953,19.72085,0
"2025-03-19 12:01:12",3972,18.56,72,19.81613,24.70159,19.73206,0
"2025-03-19 12:01:13",3973,18.56,73,19.82733,24.58473,19.73766,0
"2025-03-19 12:01:14",3974,18.56,74,19.83853,24.46788,19.74887,0
"2025-03-19 12:01:15",3975,18.56,75,19.84974,24.351,19.76008,0
"2025-03-19 12:01:16",3976,18.56,76,19.85534,24.24524,19.76568,0
"2025-03-19 12:01:17",3977,18.56,77,19.86655,24.13946,19.77689,0
"2025-03-19 12:01:18",3978,18.56,78,19.87215,24.03924,19.78249,0
"2025-03-19 12:01:19",3979,18.56,79,19.87776,23.94457,19.7881,0
"2025-03-19 12:01:20",3980,18.56,80,19.88336,23.84988,19.7881,0
"2025-03-19 12:01:21",3981,18.56,81,19.89457,23.75518,19.79931,0
"2025-03-19 12:01:22",3982,18.56,82,19.90017,23.66047,19.79931,0
"2025-03-19 12:01:23",3983,18.56,83,19.90017,23.57689,19.81051,0
"2025-03-19 12:01:24",3984,18.56,84,19.90577,23.49887,19.81051,0
"2025-03-19 12:01:25",3985,18.56,85,19.91138,23.4097,19.81051,0
"2025-03-19 12:01:26",3986,18.56,86,19.91138,23.33166,19.81051,0
"2025-03-19 12:01:27",3987,18.56,87,19.91698,23.25362,19.81612,0
"2025-03-19 12:01:28",3988,18.56,88,19.91698,23.18114,19.82172,0
"2025-03-19 12:01:29",3989,18.56,89,19.92258,23.10865,19.82172,0
"2025-03-19 12:01:30",3990,18.56,90,19.92819,23.03616,19.82172,0
"2025-03-19 12:01:31",3991,18.56,91,19.92819,22.96923,19.82172,0
"2025-03-19 12:01:32",3992,18.56,92,19.92819,22.9023,19.82172,0
"2025-03-19 12:01:33",3993,18.56,93,19.92258,22.84094,19.82172,0
"2025-03-19 12:01:34",3994,18.56,94,19.92819,22.77399,19.82172,0
"2025-03-19 12:01:35",3995,18.56,95,19.93379,22.71262,19.82172,0
"2025-03-19 12:01:36",3996,18.56,96,19.93379,22.65124,19.82172,0
"2025-03-19 12:01:37",3997,18.56,97,19.92819,22.58986,19.82172,0
"2025-03-19 12:01:38",3998,18.56,98,19.92819,22.53405,19.82172,0
"2025-03-19 12:01:39",3999,18.56,99,19.92819,22.47823,19.82172,0
"2025-03-19 12:01:40",4000,18.56,100,19.92819,22.42242,19.82172,0
"2025-03-19 12:01:41",4001,18.56,101,19.93379,22.37218,19.81051,0
"2025-03-19 12:01:42",4002,18.56,102,19.92819,22.31635,19.81612,0
"2025-03-19 12:01:43",4003,18.56,103,19.92258,22.2661,19.81051,0
"2025-03-19 12:01:44",4004,18.56,104,19.92258,22.21585,19.81051,0
"2025-03-19 12:01:45",4005,18.56,105,19.92258,22.1656,19.80491,0
"2025-03-19 12:01:46",4006,18.56,106,19.92258,22.12092,19.80491,0
"2025-03-19 12:01:47",4007,18.56,107,19.91698,22.07624,19.79931,0
"2025-03-19 12:01:48",4008,18.56,108,19.91698,22.03156,19.79931,0
"2025-03-19 12:01:49",4009,18.56,109,19.91138,21.98688,19.79931,0
"2025-03-19 12:01:50",4010,18.56,110,19.91138,21.94778,19.7937,0
"2025-03-19 12:01:51",4011,18.56,111,19.90577,21.90309,19.7881,0
"2025-03-19 12:01:52",4012,18.56,112,19.90577,21.8584,19.7881,0
"2025-03-19 12:01:53",4013,18.56,113,19.90017,21.81929,19.7881,0
"2025-03-19 12:01:54",4014,18.56,114,19.90017,21.78018,19.77689,0
"2025-03-19 12:01:55",4015,18.56,115,19.90017,21.74107,19.77689,0
"2025-03-19 12:01:56",4016,18.56,116,19.88897,21.70754,19.77689,0
"2025-03-19 12:01:57",4017,18.56,117,19.88897,21.66283,19.76568,0
"2025-03-19 12:01:58",4018,18.56,118,19.88897,21.6293,19.76568,0
"2025-03-19 12:01:59",4019,18.56,119,19.88336,21.59577,19.76568,0
"2025-03-19 12:02:00",4020,18.53,120,19.8507,21.52965,19.72741,0
"2025-03-19 12:02:01",4021,18.56,121,19.87776,21.5287,19.75447,0
"2025-03-19 12:02:02",4022,18.53,122,19.84509,21.46817,19.72741,0
"2025-03-19 12:02:03",4023,18.53,123,19.83949,21.43463,19.7162,0
"2025-03-19 12:02:04",4024,18.53,124,19.83949,21.40108,19.7162,0
"2025-03-19 12:02:05",4025,18.53,125,19.83389,21.36754,19.71059,0
"2025-03-19 12:02:06",4026,18.53,126,19.82828,21.33958,19.70499,0
"2025-03-19 12:02:07",4027,18.53,127,19.82828,21.30604,19.70499,0
"2025-03-19 12:02:08",4028,18.53,128,19.82268,21.27808,19.69378,0
"2025-03-19 12:02:09",4029,18.53,129,19.81708,21.25012,19.69378,0
"2025-03-19 12:02:10",4030,18.53,130,19.81708,21.21657,19.69378,0
"2025-03-19 12:02:11",4031,18.53,131,19.80587,21.18861,19.68257,0
"2025-03-19 12:02:12",4032,18.53,132,19.80587,21.16624,19.68257,0
"2025-03-19 12:02:13",4033,18.53,133,19.80026,21.13828,19.67696,0
"2025-03-19 12:02:14",4034,18.53,134,19.79466,21.11031,19.67136,0
"2025-03-19 12:02:15",4035,18.53,135,19.78905,21.08235,19.67136,0
"2025-03-19 12:02:16",4036,18.53,136,19.78345,21.05997,19.66015,0
"2025-03-19 12:02:17",4037,18.53,137,19.78345,21.032,19.66015,0
"2025-03-19 12:02:18",4038,18.53,138,19.77785,21.00963,19.64894,0
"2025-03-19 12:02:19",4039,18.53,139,19.77224,20.98725,19.64894,0
"2025-03-19 12:02:20",4040,18.53,140,19.76664,20.96488,19.64894,0
"2025-03-19 12:02:21",4041,18.53,141,19.76103,20.9425,19.63773,0
"2025-03-19 12:02:22",4042,18.53,142,19.76103,20.90893,19.63773,0
"2025-03-19 12:02:23",4043,18.53,143,19.75543,20.88655,19.63212,0
"2025-03-19 12:02:24",4044,18.53,144,19.74982,20.86977,19.62652,0
"2025-03-19 12:02:25",4045,18.53,145,19.74982,20.84739,19.62652,0
"2025-03-19 12:02:26",4046,18.53,146,19.74422,20.82501,19.6153,0
"2025-03-19 12:02:27",4047,18.53,147,19.73862,20.80262,19.6153,0
"2025-03-19 12:02:28",4048,18.53,148,19.73862,20.78584,19.6097,0
"2025-03-19 12:02:29",4049,18.53,149,19.72741,20.76346,19.60409,0
"2025-03-19 12:02:30",4050,18.53,150,19.72741,20.74107,19.59849,0
"2025-03-19 12:02:31",4051,18.53,151,19.7162,20.72428,19.59288,0
"2025-03-19 12:02:32",4052,18.53,152,19.7162,20.6963,19.59288,0
"2025-03-19 12:02:33",4053,18.53,153,19.7162,20.68511,19.58728,0
"2025-03-19 12:02:34",4054,18.53,154,19.70499,20.66272,19.58167,0
"2025-03-19 12:02:35",4055,18.53,155,19.69938,20.64593,19.58167,0
"2025-03-19 12:02:36",4056,18.53,156,19.69938,20.62914,19.57046,0
"2025-03-19 12:02:37",4057,18.53,157,19.69378,20.60675,19.57046,0
"2025-03-19 12:02:38",4058,18.53,158,19.69378,20.58996,19.55925,0
"2025-03-19 12:02:39",4059,18.53,159,19.68257,20.57317,19.55925,0
"2025-03-19 12:02:40",4060,18.53,160,19.67696,20.55078,19.55925,0
"2025-03-19 12:02:41",4061,18.53,161,19.67696,20.53398,19.54804,0
"2025-03-19 12:02:42",4062,18.53,162,19.67136,20.51719,19.54804,0
"2025-03-19 12:02:43",4063,18.53,163,19.66575,20.50599,19.54243,0
"2025-03-19 12:02:44",4064,18.53,164,19.66015,20.4836,19.53682,0
"2025-03-19 12:02:45",4065,18.53,165,19.65454,20.4724,19.53682,0
"2025-03-19 12:02:46",4066,18.53,166,19.65454,20.45561,19.52561,0
"2025-03-19 12:02:47",4067,18.53,167,19.64894,20.43881,19.52561,0
"2025-03-19 12:02:48",4068,18.53,168,19.64333,20.42761,19.5144,0
"2025-03-19 12:02:49",4069,18.53,169,19.63773,20.40522,19.5144,0
"2025-03-19 12:02:50",4070,18.53,170,19.63773,20.39402,19.5144,0
"2025-03-19 12:02:51",4071,18.51,171,19.60731,20.35805,19.47837,0
"2025-03-19 12:02:52",4072,18.53,172,19.62652,20.36603,19.50319,0
"2025-03-19 12:02:53",4073,18.51,173,19.5961,20.32445,19.47837,0
"2025-03-19 12:02:54",4074,18.51,174,19.5905,20.31325,19.47276,0
"2025-03-19 12:02:55",4075,18.51,175,19.5905,20.29645,19.46716,0
"2025-03-19 12:02:56",4076,18.51,176,19.57928,20.28525,19.46716,0
"2025-03-19 12:02:57",4077,18.51,177,19.57928,20.26845,19.45594,0
"2025-03-19 12:02:58",4078,18.51,178,19.57928,20.25725,19.45034,0
"2025-03-19 12:02:59",4079,18.51,179,19.57368,20.24045,19.45034,0
"2025-03-19 12:03:00",4080,18.51,180,19.56807,20.23485,19.44473,0
"2025-03-19 12:03:01",4081,18.51,181,19.56247,20.21805,19.44473,0
"2025-03-19 12:03:02",4082,18.51,182,19.55686,20.20125,19.43352,0
"2025-03-19 12:03:03",4083,18.51,183,19.55686,20.19004,19.43352,0
"2025-03-19 12:03:04",4084,18.51,184,19.55125,20.17884,19.42791,0
"2025-03-19 12:03:05",4085,18.51,185,19.54565,20.16764,19.4223,0
"2025-03-19 12:03:06",4086,18.51,186,19.54565,20.15644,19.4223,0
"2025-03-19 12:03:07",4087,18.51,187,19.53444,20.14524,19.41669,0
"2025-03-19 12:03:08",4088,18.51,188,19.53444,20.13404,19.41109,0
"2025-03-19 12:03:09",4089,18.51,189,19.53443,20.12283,19.41108,0
"2025-03-19 12:03:10",4090,18.53,190,19.55364,20.13642,19.43029,0
"2025-03-19 12:03:11",4091,18.51,191,19.52322,20.09482,19.40548,0
"2025-03-19 12:03:12",4092,18.51,192,19.51761,20.08922,19.39987,0
"2025-03-19 12:03:13",4093,18.51,193,19.51761,20.07801,19.38865,0
"2025-03-19 12:03:14",4094,18.51,194,19.51201,20.06681,19.38865,0
"2025-03-19 12:03:15",4095,18.51,195,19.5064,20.05561,19.38865,0
"2025-03-19 12:03:16",4096,18.51,196,19.5008,20.0444,19.38305,0
"2025-03-19 12:03:17",4097,18.51,197,19.5008,20.0332,19.38305,0
"2025-03-19 12:03:18",4098,18.51,198,19.49519,20.022,19.37744,0
"2025-03-19 12:03:19",4099,18.51,199,19.48958,20.01079,19.37744,0
"2025-03-19 12:03:20",4100,18.51,200,19.48958,19.99959,19.36623,0
"2025-03-19 12:03:21",4101,18.51,201,19.48398,19.98838,19.36623,0
"2025-03-19 12:03:22",4102,18.51,202,19.47837,19.98278,19.36062,0
"2025-03-19 12:03:23",4103,18.51,203,19.47837,19.97158,19.35501,0
"2025-03-19 12:03:24",4104,18.51,204,19.47276,19.96037,19.35501,0
"2025-03-19 12:03:25",4105,18.51,205,19.46716,19.95477,19.35501,0
"2025-03-19 12:03:26",4106,18.51,206,19.46716,19.94356,19.34379,0
"2025-03-19 12:03:27",4107,18.51,207,19.45594,19.93235,19.34379,0
"2025-03-19 12:03:28",4108,18.51,208,19.45594,19.92675,19.33258,0
"2025-03-19 12:03:29",4109,18.51,209,19.45033,19.92115,19.33258,0
"2025-03-19 12:03:30",4110,18.51,210,19.44473,19.90994,19.33258,0
"2025-03-19 12:03:31",4111,18.51,211,19.44473,19.89874,19.33258,0
"2025-03-19 12:03:32",4112,18.51,212,19.44473,19.88753,19.32697,0
"2025-03-19 12:03:33",4113,18.51,213,19.43351,19.87633,19.32136,0
"2025-03-19 12:03:34",4114,18.51,214,19.43351,19.87633,19.32136,0
"2025-03-19 12:03:35",4115,18.51,215,19.43351,19.86512,19.31575,0
"2025-03-19 12:03:36",4116,18.51,216,19.4279,19.85391,19.31015,0
"2025-03-19 12:03:37",4117,18.51,217,19.4279,19.8427,19.31015,0
"2025-03-19 12:03:38",4118,18.51,218,19.41669,19.8427,19.30454,0
"2025-03-19 12:03:39",4119,18.51,219,19.41108,19.82589,19.29893,0
"2025-03-19 12:03:40",4120,18.51,220,19.41669,19.82029,19.29893,0
"2025-03-19 12:03:41",4121,18.51,221,19.41108,19.81469,19.29893,0
"2025-03-19 12:03:42",4122,18.51,222,19.41108,19.80908,19.29332,0
"2025-03-19 12:03:43",4123,18.51,223,19.40548,19.80348,19.28771,0
"2025-03-19 12:03:44",4124,18.51,224,19.39987,19.79227,19.28771,0
"2025-03-19 12:03:45",4125,18.51,225,19.39426,19.78106,19.28211,0
"2025-03-19 12:03:46",4126,18.51,226,19.39426,19.77546,19.28211,0
"2025-03-19 12:03:47",4127,18.51,227,19.38865,19.76425,19.28211,0
"2025-03-19 12:03:48",4128,18.51,228,19.38305,19.75864,19.2765,0
"2025-03-19 12:03:49",4129,18.51,229,19.38305,19.75304,19.27089,0
"2025-03-19 12:03:50",4130,18.51,230,19.37744,19.74743,19.26528,0
"2025-03-19 12:03:51",4131,18.51,231,19.37744,19.73623,19.26528,0
"2025-03-19 12:03:52",4132,18.51,232,19.37183,19.73062,19.25967,0
"2025-03-19 12:03:53",4133,18.51,233,19.37183,19.72502,19.25967,0
"2025-03-19 12:03:54",4134,18.51,234,19.36623,19.71941,19.25406,0
"2025-03-19 12:03:55",4135,18.51,235,19.36062,19.7082,19.25406,0
"2025-03-19 12:03:56",4136,18.51,236,19.36062,19.7082,19.24845,0
"2025-03-19 12:03:57",4137,18.51,237,19.35501,19.69699,19.24284,0
"2025-03-19 12:03:58",4138,18.51,238,19.35501,19.68579,19.24284,0
"2025-03-19 12:03:59",4139,18.51,239,19.3494,19.68018,19.24284,0
"2025-03-19 12:04:00",4140,18.51,240,19.34379,19.67457,19.24284,0
"2025-03-19 12:04:01",4141,18.51,241,19.34379,19.66897,19.23163,0
"2025-03-19 12:04:02",4142,18.51,242,19.33819,19.66336,19.23163,0
"2025-03-19 12:04:03",4143,18.51,243,19.33258,19.65776,19.23163,0
"2025-03-19 12:04:04",4144,18.51,244,19.33258,19.65215,19.22602,0
"2025-03-19 12:04:05",4145,18.51,245,19.33258,19.64094,19.22041,0
"2025-03-19 12:04:06",4146,18.51,246,19.32697,19.63534,19.22041,0
"2025-03-19 12:04:07",4147,18.51,247,19.32136,19.62973,19.22041,0
"2025-03-19 12:04:08",4148,18.51,248,19.32136,19.62413,19.2148,0
"2025-03-19 12:04:09",4149,18.51,249,19.32136,19.61852,19.20919,0
"2025-03-19 12:04:10",4150,18.51,250,19.31015,19.61292,19.20919,0
"2025-03-19 12:04:11",4151,18.51,251,19.31015,19.6017,19.20358,0
"2025-03-19 12:04:12",4152,18.51,252,19.31015,19.5961,19.19798,0
"2025-03-19 12:04:13",4153,18.51,253,19.31015,19.5961,19.19798,0
"2025-03-19 12:04:14",4154,18.51,254,19.30454,19.59049,19.19798,0
"2025-03-19 12:04:15",4155,18.51,255,19.29893,19.58488,19.19798,0
"2025-03-19 12:04:16",4156,18.51,256,19.29332,19.57368,19.19237,0
"2025-03-19 12:04:17",4157,18.51,257,19.29332,19.57368,19.18676,0
"2025-03-19 12:04:18",4158,18.48,258,19.26625,19.5354,19.15968,0
"2025-03-19 12:04:19",4159,18.51,259,19.28771,19.55686,19.18676,0
"2025-03-19 12:04:20",4160,18.48,260,19.26064,19.52419,19.15407,0
"2025-03-19 12:04:21",4161,18.48,261,19.25503,19.51858,19.14846,0
"2025-03-19 12:04:22",4162,18.48,262,19.24942,19.51298,19.14846,0
"2025-03-19 12:04:23",4163,18.48,263,19.24942,19.51298,19.14846,0
"2025-03-19 12:04:24",4164,18.48,264,19.24942,19.50176,19.13724,0
"2025-03-19 12:04:25",4165,18.48,265,19.24381,19.50176,19.13724,0
"2025-03-19 12:04:26",4166,18.48,266,19.2382,19.49616,19.13724,0
"2025-03-19 12:04:27",4167,18.48,267,19.2382,19.48494,19.13724,0
"2025-03-19 12:04:28",4168,18.48,268,19.23259,19.48494,19.13724,0
"2025-03-19 12:04:29",4169,18.48,269,19.23259,19.47933,19.13163,0
"2025-03-19 12:04:30",4170,18.48,270,19.22699,19.47373,19.12602,0
"2025-03-19 12:04:31",4171,18.48,271,19.22699,19.46812,19.12602,0
"2025-03-19 12:04:32",4172,18.48,272,19.22138,19.46251,19.12602,0
"2025-03-19 12:04:33",4173,18.48,273,19.22138,19.45691,19.12041,0
"2025-03-19 12:04:34",4174,18.48,274,19.21577,19.4513,19.1148,0
"2025-03-19 12:04:35",4175,18.48,275,19.21577,19.4513,19.1148,0
"2025-03-19 12:04:36",4176,18.48,276,19.21016,19.44569,19.1148,0
"2025-03-19 12:04:37",4177,18.48,277,19.21016,19.43448,19.1148,0
"2025-03-19 12:04:38",4178,18.48,278,19.20455,19.43448,19.1148,0
"2025-03-19 12:04:39",4179,18.48,279,19.20455,19.42887,19.10358,0
"2025-03-19 12:04:40",4180,18.48,280,19.20455,19.42327,19.10358,0
"2025-03-19 12:04:41",4181,18.48,281,19.19894,19.42327,19.10358,0
"2025-03-19 12:04:42",4182,18.48,282,19.19894,19.41205,19.10358,0
"2025-03-19 12:04:43",4183,18.48,283,19.19333,19.41205,19.09797,0
"2025-03-19 12:04:44",4184,18.48,284,19.18772,19.40644,19.09797,0
"2025-03-19 12:04:45",4185,18.48,285,19.18772,19.40084,19.09236,0
"2025-03-19 12:04:46",4186,18.48,286,19.18772,19.40084,19.09236,0
"2025-03-19 12:04:47",4187,18.48,287,19.18772,19.38962,19.09236,0
"2025-03-19 12:04:48",4188,18.48,288,19.18211,19.38962,19.09236,0
"2025-03-19 12:04:49",4189,18.48,289,19.18211,19.38962,19.08675,0
"2025-03-19 12:04:50",4190,18.48,290,19.1765,19.37841,19.08114,0
"2025-03-19 12:04:51",4191,18.48,291,19.1709,19.37841,19.08114,0
"2025-03-19 12:04:52",4192,18.48,292,19.1709,19.3728,19.07553,0
"2025-03-19 12:04:53",4193,18.48,293,19.1709,19.36719,19.08114,0
"2025-03-19 12:04:54",4194,18.48,294,19.16529,19.36158,19.06992,0
"2025-03-19 12:04:55",4195,18.48,295,19.16529,19.36158,19.07553,0
"2025-03-19 12:04:56",4196,18.48,296,19.15968,19.35598,19.06992,0
"2025-03-19 12:04:57",4197,18.48,297,19.15968,19.35037,19.06992,0
"2025-03-19 12:04:58",4198,18.48,298,19.15968,19.34476,19.06992,0
"2025-03-19 12:04:59",4199,18.48,299,19.15968,19.34476,19.0587,0
